course_abbrev,type,to
CAS-024,crosslist,CAS-124
DNCE-050,crosslist,DNCE-350
DNCE-055,crosslist,DNCE-355
GOVT-020,crosslist,GOVT-520
GOVT-021,crosslist,GOVT-421
GOVT-023,crosslist,GOVT-523
HIST-085,crosslist,HIST-485
MUS-042,crosslist,MUS-142
MUS-043,crosslist,MUS-143
MUS-044,crosslist,MUS-144
MUS-045,crosslist,MUS-145
MUS-046,crosslist,MUS-146
MUS-047,crosslist,MUS-147
MUS-050,crosslist,MUS-150
MUS-061,crosslist,MUS-161
SPA-020,crosslist,SPA-420
SPA-075,crosslist,SPA-375
SPA-085,crosslist,SPA-685
THTR-001,crosslist,THTR-101
THTR-002,crosslist,THTR-102
WSEM-050,crosslist,WSEM-150
WSEM-080,crosslist,WSEM-480
WSEM-085,crosslist,WSEM-185
ACCT-447,crosslist,ACCT-647
ACCT-449,crosslist,ACCT-649
ACCT-451,crosslist,ACCT-651
ACCT-477,crosslist,ACCT-677
ACCT-480,crosslist,ACCT-680
AFAM-220,crosslist,WGSS-220
AFAM-320,crosslist,WGSS-320
AFAM-335,crosslist,LIT-335
AFAM-346,crosslist,HIST-346
AFAM-353,crosslist,PERF-353
AFAM-415,crosslist,AMST-415
AFAM-435,crosslist,LIT-435
AMGT-408,crosslist,AMGT-608
AMGT-433,crosslist,AMGT-633
AMGT-472,crosslist,AMGT-672
AMGT-475,crosslist,AMGT-675
AMGT-477,crosslist,AMGT-677
AMST-256,crosslist,LIT-256
AMST-260,crosslist,APDS-260
AMST-285,crosslist,HLTH-285
AMST-385,crosslist,WGSS-385
AMST-415,crosslist,AFAM-415
ANTH-421,crosslist,ANTH-621
ANTH-422,crosslist,ANTH-622
ANTH-423,crosslist,ANTH-623
ANTH-424,crosslist,ANTH-624
ANTH-425,crosslist,ANTH-625
ANTH-439,crosslist,ANTH-639
ANTH-442,crosslist,ANTH-642
APDS-260,crosslist,AMST-260
APDS-325,crosslist,ARTH-325
ARTH-325,crosslist,APDS-325
ARTH-401,crosslist,ARTH-601
ARTH-402,crosslist,ARTH-602
ARTH-411,crosslist,ARTH-611
ARTH-412,crosslist,ARTH-612
ARTH-413,crosslist,ARTH-613
ARTH-414,crosslist,ARTH-614
ARTH-415,crosslist,ARTH-615
ARTH-423,crosslist,ARTH-623
ARTH-424,crosslist,ARTH-624
ARTH-425,crosslist,ARTH-625
ARTH-431,crosslist,ARTH-631
ARTH-432,crosslist,ARTH-632
ARTH-433,crosslist,ARTH-633
ARTH-477,crosslist,AMGT-477
ARTS-470,crosslist,ARTS-670
ATEC-405,crosslist,PHYS-405
ATEC-407,crosslist,ATEC-607
ATEC-414,crosslist,ATEC-614
ATEC-415,crosslist,ATEC-615
ATEC-416,crosslist,ATEC-616
ATEC-417,crosslist,ATEC-617
ATEC-425,crosslist,ATEC-625
ATEC-426,crosslist,ATEC-626
ATEC-452,crosslist,ATEC-652
ATEC-481,crosslist,ATEC-681
ATEC-482,crosslist,ATEC-682
ATEC-483,crosslist,ATEC-683
ATEC-484,crosslist,ATEC-684
AWST-415,crosslist,AFAM-415
BIO-275,crosslist,PHIL-275
BIO-401,crosslist,BIO-601
BIO-405,crosslist,BIO-605
BIO-417,crosslist,BIO-617
BIO-422,crosslist,BIO-622
BIO-423,crosslist,BIO-623
BIO-426,crosslist,BIO-626
BIO-441,crosslist,BIO-641
BIO-442,crosslist,BIO-642
BIO-444,crosslist,BIO-644
BIO-450,crosslist,BIO-650
BIO-455,crosslist,BIO-655
BIO-459,crosslist,BIO-659
BIO-460,crosslist,NEUR-460
BIO-466,crosslist,BIO-666
BIO-475,crosslist,NEUR-475
BIO-478,crosslist,BIO-678
BIO-483,crosslist,BIO-683
BIO-485,crosslist,BIO-685
BIO-487,crosslist,BIO-687
BIO-488,crosslist,BIO-688
BIO-489,crosslist,BIO-689
CAS-124,crosslist,CAS-024
CHEM-405,crosslist,CHEM-605
CHEM-406,crosslist,CHEM-606
CHEM-415,crosslist,CHEM-615
CHEM-421,crosslist,CHEM-621
CHEM-424,crosslist,CHEM-624
CHEM-433,crosslist,CHEM-633
CHEM-435,crosslist,CHEM-635
CHEM-436,crosslist,CHEM-636
CHEM-440,crosslist,CHEM-640
CHEM-442,crosslist,CHEM-642
CHEM-450,crosslist,CHEM-650
CHEM-455,crosslist,CHEM-655
CHEM-462,crosslist,CHEM-662
CHEM-465,crosslist,CHEM-665
CHEM-466,crosslist,CHEM-666
CHEM-467,crosslist,CHEM-667
CHEM-468,crosslist,CHEM-668
CHEM-471,crosslist,CHEM-671
CHEM-472,crosslist,CHEM-672
CHEM-479,crosslist,CHEM-679
CHEM-481,crosslist,CHEM-681
CHEM-482,crosslist,CHEM-682
COMM-400,crosslist,COMM-600
COMM-408,crosslist,COMM-608
COMM-409,crosslist,COMM-609
COMM-411,crosslist,COMM-611
COMM-412,crosslist,COMM-612
COMM-413,crosslist,COMM-613
COMM-414,crosslist,COMM-614
COMM-415,crosslist,COMM-615
COMM-416,crosslist,COMM-616
COMM-417,crosslist,COMM-617
COMM-418,crosslist,COMM-618
COMM-419,crosslist,COMM-619
COMM-420,crosslist,COMM-620
COMM-435,crosslist,COMM-635
COMM-436,crosslist,COMM-636
COMM-438,crosslist,COMM-638
COMM-439,crosslist,COMM-639
COMM-441,crosslist,COMM-641
COMM-443,crosslist,COMM-643
COMM-445,crosslist,COMM-645
COMM-447,crosslist,COMM-647
COMM-449,crosslist,COMM-649
COMM-454,crosslist,COMM-654
COMM-455,crosslist,COMM-655
COMM-456,crosslist,COMM-656
COMM-457,crosslist,COMM-657
COMM-458,crosslist,COMM-658
COMM-463,crosslist,COMM-663
COMM-464,crosslist,COMM-664
COMM-466,crosslist,COMM-666
COMM-467,crosslist,COMM-667
COMM-468,crosslist,COMM-668
COMM-469,crosslist,COMM-669
COMM-473,crosslist,COMM-673
COMM-474,crosslist,COMM-674
COMM-476,crosslist,COMM-676
COMM-477,crosslist,COMM-677
COMM-478,crosslist,COMM-678
COMM-479,crosslist,COMM-679
COMM-480,crosslist,COMM-680
COMM-481,crosslist,COMM-681
COMM-483,crosslist,COMM-683
COMM-484,crosslist,COMM-684
COMM-485,crosslist,COMM-685
COMM-486,crosslist,COMM-686
COMM-487,crosslist,COMM-687
CSC-324,crosslist,PSYC-324
CSC-404,crosslist,CSC-604
CSC-420,crosslist,CSC-620
CSC-421,crosslist,CSC-621
CSC-432,crosslist,CSC-632
CSC-434,crosslist,CSC-634
CSC-440,crosslist,CSC-640
CSC-443,crosslist,CSC-643
CSC-444,crosslist,CSC-644
CSC-446,crosslist,CSC-646
CSC-447,crosslist,CSC-647
CSC-448,crosslist,CSC-648
CSC-449,crosslist,CSC-649
CSC-450,crosslist,CSC-650
CSC-460,crosslist,MATH-460
CSC-465,crosslist,CSC-665
CSC-468,crosslist,CSC-668
CSC-470,crosslist,CSC-670
CSC-476,crosslist,CSC-676
CSC-480,crosslist,CSC-680
CSC-481,crosslist,CSC-681
CSC-483,crosslist,CSC-683
CSC-484,crosslist,CSC-684
CSC-485,crosslist,CSC-685
CSC-493,crosslist,CSC-694
DATA-412,crosslist,DATA-612
DATA-413,crosslist,DATA-613
DATA-425,crosslist,DATA-625
DATA-441,crosslist,DATA-641
DATA-442,crosslist,DATA-642
DATA-445,crosslist,DATA-645
DNCE-109,crosslist,DNCE-111
DNCE-111,crosslist,DNCE-109
DNCE-112,crosslist,DNCE-109
DNCE-113,crosslist,DNCE-109
DNCE-114,crosslist,DNCE-109
DNCE-115,crosslist,DNCE-109
DNCE-116,crosslist,DNCE-109
DNCE-117,crosslist,DNCE-109
DNCE-118,crosslist,DNCE-109
DNCE-209,crosslist,DNCE-211
DNCE-211,crosslist,DNCE-209
DNCE-212,crosslist,DNCE-209
DNCE-213,crosslist,DNCE-209
DNCE-215,crosslist,DNCE-209
DNCE-216,crosslist,DNCE-209
DNCE-217,crosslist,DNCE-209
DNCE-309,crosslist,DNCE-312
DNCE-312,crosslist,DNCE-309
DNCE-313,crosslist,DNCE-309
DNCE-315,crosslist,DNCE-309
DNCE-350,crosslist,DNCE-050
DNCE-355,crosslist,DNCE-055
ECON-345,crosslist,MATH-345
ECON-405,crosslist,ECON-605
ECON-440,crosslist,ECON-640
ECON-450,crosslist,ECON-650
EDU-385,crosslist,SOCY-385
EDU-386,crosslist,JLC-386
EDU-417,crosslist,EDU-617
EDU-419,crosslist,EDU-619
EDU-425,crosslist,EDU-625
EDU-433,crosslist,JLC-433
EDU-437,crosslist,EDU-637
EDU-438,crosslist,EDU-638
EDU-443,crosslist,EDU-643
EDU-444,crosslist,EDU-655
EDU-445,crosslist,EDU-656
EDU-452,crosslist,EDU-603
EDU-454,crosslist,EDU-654
EDU-455,crosslist,EDU-601
EDU-456,crosslist,EDU-604
EDU-457,crosslist,EDU-608
EDU-463,crosslist,EDU-663
EDU-465,crosslist,EDU-665
EDU-488,crosslist,EDU-688
EDU-489,crosslist,EDU-689
ENVS-410,crosslist,ENVS-610
ENVS-415,crosslist,ENVS-615
ENVS-430,crosslist,ENVS-630
ENVS-450,crosslist,ENVS-650
ENVS-452,crosslist,ENVS-652
ENVS-454,crosslist,ENVS-654
ENVS-455,crosslist,ENVS-655
ENVS-460,crosslist,ENVS-660
ENVS-465,crosslist,ENVS-665
ENVS-470,crosslist,ENVS-670
ENVS-475,crosslist,ENVS-675
ENVS-485,crosslist,ENVS-685
ENVS-489,crosslist,ENVS-689
FIN-410,crosslist,FIN-610
FIN-450,crosslist,FIN-650
FIN-451,crosslist,FIN-651
FIN-452,crosslist,FIN-652
FIN-460,crosslist,FIN-660
FIN-461,crosslist,FIN-661
FIN-463,crosslist,IBUS-463
FIN-470,crosslist,FIN-670
FIN-473,crosslist,FIN-673
FIN-476,crosslist,FIN-676
FIN-477,crosslist,ACCT-477
FIN-489,crosslist,FIN-689
FREN-431,crosslist,FREN-631
FREN-432,crosslist,FREN-632
FREN-433,crosslist,FREN-633
FREN-434,crosslist,FREN-634
FREN-435,crosslist,FREN-635
FREN-436,crosslist,FREN-636
FREN-437,crosslist,FREN-637
GOVT-317,crosslist,ISR-317
GOVT-403,crosslist,GOVT-603
GOVT-404,crosslist,GOVT-604
GOVT-405,crosslist,GOVT-605
GOVT-406,crosslist,GOVT-606
GOVT-408,crosslist,GOVT-608
GOVT-409,crosslist,GOVT-609
GOVT-421,crosslist,GOVT-021
GOVT-422,crosslist,GOVT-622
GOVT-424,crosslist,GOVT-624
GOVT-426,crosslist,GOVT-626
GOVT-427,crosslist,GOVT-627
GOVT-430,crosslist,GOVT-630
GOVT-431,crosslist,GOVT-631
GOVT-435,crosslist,GOVT-635
GOVT-441,crosslist,GOVT-641
GOVT-443,crosslist,GOVT-643
GOVT-444,crosslist,GOVT-644
GOVT-445,crosslist,GOVT-645
GOVT-448,crosslist,GOVT-648
GOVT-464,crosslist,GOVT-664
GOVT-465,crosslist,GOVT-665
GOVT-470,crosslist,GOVT-670
GOVT-471,crosslist,GOVT-671
GOVT-476,crosslist,GOVT-676
GOVT-482,crosslist,GOVT-682
GOVT-483,crosslist,GOVT-683
GOVT-484,crosslist,GOVT-684
GOVT-485,crosslist,GOVT-685
GOVT-486,crosslist,GOVT-686
HIST-346,crosslist,AFAM-346
HIST-382,crosslist,LIT-382
HIST-404,crosslist,HIST-604
HIST-405,crosslist,HIST-605
HIST-410,crosslist,HIST-610
HIST-411,crosslist,HIST-611
HIST-412,crosslist,HIST-612
HIST-415,crosslist,HIST-615
HIST-418,crosslist,HIST-618
HIST-419,crosslist,HIST-619
HIST-428,crosslist,HIST-628
HIST-437,crosslist,HIST-637
HIST-438,crosslist,HIST-638
HIST-440,crosslist,HIST-640
HIST-443,crosslist,HIST-643
HIST-445,crosslist,HIST-645
HIST-447,crosslist,HIST-647
HIST-448,crosslist,HIST-648
HIST-449,crosslist,HIST-649
HIST-450,crosslist,HIST-650
HIST-451,crosslist,HIST-651
HIST-452,crosslist,HIST-652
HIST-453,crosslist,HIST-653
HIST-454,crosslist,HIST-654
HIST-455,crosslist,HIST-655
HIST-456,crosslist,HIST-656
HIST-457,crosslist,HIST-657
HIST-459,crosslist,HIST-659
HIST-460,crosslist,HIST-660
HIST-461,crosslist,HIST-661
HIST-462,crosslist,HIST-662
HIST-464,crosslist,HIST-664
HIST-467,crosslist,HIST-667
HIST-468,crosslist,HIST-668
HIST-469,crosslist,HIST-669
HIST-470,crosslist,HIST-670
HIST-471,crosslist,HIST-671
HIST-473,crosslist,HIST-673
HIST-476,crosslist,HIST-676
HIST-477,crosslist,HIST-677
HIST-479,crosslist,HIST-679
HIST-485,crosslist,HIST-685
HIST-486,crosslist,HIST-686
HLTH-285,crosslist,AMST-285
HLTH-366,crosslist,SPAN-366
HLTH-435,crosslist,NEUR-435
HLTH-441,crosslist,HLTH-641
HLTH-470,crosslist,HLTH-670
IBUS-408,crosslist,IBUS-608
IBUS-452,crosslist,FIN-452
IBUS-463,crosslist,FIN-463
IBUS-471,crosslist,IBUS-671
IBUS-473,crosslist,FIN-473
IBUS-476,crosslist,FIN-476
ISCI-401,crosslist,ISCI-601
ISCI-422,crosslist,ISCI-622
ISCI-450,crosslist,ISCI-650
ISR-317,crosslist,GOVT-317
ISR-340,crosslist,SOCY-340
ISR-443,crosslist,HIST-443
ITEC-400,crosslist,ITEC-600
ITEC-423,crosslist,ITEC-623
ITEC-455,crosslist,ITEC-630
ITEC-460,crosslist,ITEC-660
ITEC-466,crosslist,ITEC-666
ITEC-467,crosslist,ITEC-667
ITEC-468,crosslist,ITEC-668
ITEC-470,crosslist,ITEC-670
ITEC-478,crosslist,ITEC-678
JLC-386,crosslist,EDU-386
JLC-405,crosslist,JLC-605
JLC-417,crosslist,JLC-617
JLC-420,crosslist,JLC-620
JLC-421,crosslist,JLC-621
JLC-422,crosslist,JLC-622
JLC-426,crosslist,JLC-626
JLC-433,crosslist,EDU-433
JLC-435,crosslist,JLC-635
JLC-436,crosslist,JLC-636
JLC-447,crosslist,JLC-647
JLC-451,crosslist,JLC-651
JLC-461,crosslist,JLC-661
JLC-463,crosslist,JLC-663
JLC-468,crosslist,JLC-668
JLC-470,crosslist,JLC-670
JLC-471,crosslist,JLC-671
JLC-474,crosslist,JLC-674
JLC-475,crosslist,JLC-675
JLC-477,crosslist,JLC-677
JLC-478,crosslist,JLC-678
JLC-479,crosslist,JLC-679
JLC-482,crosslist,JLC-682
JLC-483,crosslist,JLC-683
JLC-484,crosslist,JLC-684
JLC-485,crosslist,JLC-685
KSB-407,crosslist,KSB-607
LING-401,crosslist,LING-601
LING-402,crosslist,LING-602
LING-403,crosslist,LING-603
LING-405,crosslist,LING-605
LING-410,crosslist,SPAN-410
LING-415,crosslist,LING-615
LING-420,crosslist,LING-620
LING-421,crosslist,LTST-421
LIT-256,crosslist,AMST-256
LIT-285,crosslist,LTST-200
LIT-319,crosslist,WGSS-319
LIT-335,crosslist,AFAM-335
LIT-382,crosslist,HIST-382
LIT-411,crosslist,LIT-611
LIT-422,crosslist,LIT-622
LIT-434,crosslist,LIT-634
LIT-435,crosslist,AFAM-435
LIT-440,crosslist,LIT-640
LIT-443,crosslist,LIT-643
LIT-446,crosslist,LIT-646
LIT-467,crosslist,LIT-667
LIT-481,crosslist,LIT-681
LTST-200,crosslist,LIT-285
LTST-355,crosslist,WGSS-355
LTST-421,crosslist,LING-421
MATH-345,crosslist,ECON-345
MATH-403,crosslist,MATH-603
MATH-404,crosslist,MATH-604
MATH-405,crosslist,MATH-605
MATH-410,crosslist,MATH-610
MATH-412,crosslist,MATH-612
MATH-413,crosslist,MATH-613
MATH-415,crosslist,MATH-615
MATH-416,crosslist,MATH-616
MATH-420,crosslist,MATH-620
MATH-421,crosslist,MATH-621
MATH-431,crosslist,MATH-631
MATH-440,crosslist,MATH-640
MATH-450,crosslist,MATH-650
MATH-451,crosslist,MATH-651
MATH-460,crosslist,CSC-460
MATH-461,crosslist,MATH-661
MATH-465,crosslist,MATH-665
MATH-470,crosslist,MATH-670
MATH-480,crosslist,MATH-680
MGMT-402,crosslist,MGMT-602
MGMT-404,crosslist,MGMT-604
MGMT-417,crosslist,MGMT-617
MGMT-442,crosslist,MGMT-642
MGMT-443,crosslist,MGMT-643
MGMT-444,crosslist,MGMT-644
MGMT-465,crosslist,MGMT-665
MGMT-469,crosslist,MGMT-669
MGMT-471,crosslist,IBUS-471
MGMT-478,crosslist,ITEC-478
MGMT-483,crosslist,MGMT-683
MKTG-405,crosslist,MKTG-605
MKTG-471,crosslist,MKTG-671
MUS-142,crosslist,MUS-042
MUS-143,crosslist,MUS-043
MUS-144,crosslist,MUS-044
MUS-145,crosslist,MUS-045
MUS-146,crosslist,MUS-046
MUS-147,crosslist,MUS-047
MUS-150,crosslist,MUS-050
MUS-161,crosslist,MUS-061
MUS-435,crosslist,MUS-635
NEUR-310,crosslist,PSYC-375
NEUR-435,crosslist,HLTH-435
NEUR-459,crosslist,BIO-459
NEUR-460,crosslist,BIO-460
NEUR-475,crosslist,BIO-475
NEUR-480,crosslist,PSYC-613
NEUR-489,crosslist,NEUR-689
PERF-353,crosslist,AFAM-353
PERF-470,crosslist,AMGT-670
PERF-477,crosslist,AMGT-477
PERF-482,crosslist,AMGT-682
PHIL-225,crosslist,RELG-225
PHIL-275,crosslist,BIO-275
PHIL-400,crosslist,PHIL-600
PHIL-401,crosslist,PHIL-601
PHIL-402,crosslist,PHIL-602
PHIL-403,crosslist,PHIL-603
PHIL-410,crosslist,PHIL-610
PHIL-411,crosslist,PHIL-611
PHIL-412,crosslist,PHIL-612
PHIL-413,crosslist,PHIL-613
PHIL-414,crosslist,PHIL-614
PHIL-416,crosslist,PHIL-616
PHIL-417,crosslist,PHIL-617
PHIL-418,crosslist,PHIL-618
PHIL-419,crosslist,PHIL-619
PHIL-420,crosslist,PHIL-620
PHIL-421,crosslist,PHIL-621
PHIL-423,crosslist,PHIL-623
PHIL-431,crosslist,PHIL-631
PHIL-453,crosslist,PHIL-653
PHIL-455,crosslist,PHIL-655
PHIL-485,crosslist,PHIL-685
PHYS-405,crosslist,ATEC-405
PHYS-425,crosslist,ISCI-625
PSYC-324,crosslist,CSC-324
PSYC-375,crosslist,NEUR-310
PSYC-410,crosslist,PSYC-610
PSYC-414,crosslist,PSYC-614
PSYC-434,crosslist,PSYC-634
PSYC-458,crosslist,PSYC-658
PSYC-461,crosslist,PSYC-661
PSYC-468,crosslist,PSYC-668
PSYC-484,crosslist,PSYC-684
REAL-431,crosslist,REAL-631
REAL-435,crosslist,REAL-635
REAL-436,crosslist,REAL-636
REAL-438,crosslist,REAL-638
REAL-466,crosslist,REAL-630
REAL-467,crosslist,REAL-667
REAL-470,crosslist,REAL-670
REAL-475,crosslist,REAL-675
RELG-225,crosslist,PHIL-225
RELG-455,crosslist,PHIL-455
RELG-470,crosslist,RELG-670
RELG-471,crosslist,RELG-671
RELG-472,crosslist,RELG-672
RELG-473,crosslist,RELG-673
RELG-475,crosslist,RELG-675
RELG-476,crosslist,RELG-676
RELG-486,crosslist,RELG-686
RUSS-441,crosslist,RUSS-641
RUSS-443,crosslist,RUSS-643
SOCY-340,crosslist,ISR-340
SOCY-385,crosslist,EDU-385
SOCY-386,crosslist,EDU-386
SOCY-412,crosslist,SOCY-612
SOCY-424,crosslist,SOCY-624
SOCY-453,crosslist,SOCY-653
SOCY-458,crosslist,SOCY-658
SPA-375,crosslist,SPA-075
SPA-420,crosslist,SPA-020
SPA-421,crosslist,SPA-621
SPA-422,crosslist,SPA-622
SPAN-366,crosslist,HLTH-366
SPAN-405,crosslist,LING-405
SPAN-410,crosslist,LING-410
SPAN-454,crosslist,SPAN-654
SPAN-455,crosslist,SPAN-655
SPAN-456,crosslist,SPAN-656
SPAN-458,crosslist,SPAN-658
SPAN-459,crosslist,SPAN-659
SPAN-460,crosslist,SPAN-660
SPAN-461,crosslist,SPAN-661
SPAN-463,crosslist,SPAN-663
SPAN-466,crosslist,SPAN-666
SPAN-482,crosslist,SPAN-682
SPAN-483,crosslist,SPAN-683
STAT-405,crosslist,STAT-605
STAT-415,crosslist,STAT-615
STAT-422,crosslist,STAT-622
STAT-423,crosslist,STAT-623
STAT-425,crosslist,STAT-625
STAT-426,crosslist,STAT-626
STAT-427,crosslist,STAT-627
STAT-428,crosslist,STAT-628
STAT-484,crosslist,STAT-684
TESL-400,crosslist,TESL-600
TESL-401,crosslist,TESL-601
TESL-402,crosslist,TESL-602
TESL-403,crosslist,TESL-603
TESL-423,crosslist,TESL-623
TESL-424,crosslist,TESL-624
TESL-426,crosslist,TESL-626
TESL-427,crosslist,TESL-627
TESL-445,crosslist,TESL-645
TESL-454,crosslist,TESL-654
THTR-101,crosslist,THTR-001
THTR-102,crosslist,THTR-002
THTR-308,crosslist,THTR-314
THTR-312,crosslist,THTR-314
THTR-314,crosslist,THTR-308
THTR-318,crosslist,THTR-314
THTR-319,crosslist,THTR-314
THTR-320,crosslist,THTR-314
THTR-414,crosslist,THTR-415
THTR-415,crosslist,THTR-414
THTR-450,crosslist,THTR-414
THTR-452,crosslist,THTR-652
WGSS-220,crosslist,AFAM-220
WGSS-256,crosslist,AMST-256
WGSS-285,crosslist,AMST-285
WGSS-319,crosslist,LIT-319
WGSS-320,crosslist,AFAM-320
WGSS-355,crosslist,LTST-355
WGSS-382,crosslist,HIST-382
WGSS-385,crosslist,AMST-385
WGSS-460,crosslist,WGSS-660
WRT-410,crosslist,WRT-610
WSEM-150,crosslist,WSEM-050
WSEM-185,crosslist,WSEM-085
WSEM-400,crosslist,WSEM-600
WSEM-450,crosslist,WSEM-050
WSEM-480,crosslist,WSEM-080
ACCT-647,crosslist,ACCT-447
ACCT-649,crosslist,ACCT-449
ACCT-651,crosslist,ACCT-451
ACCT-677,crosslist,ACCT-477
ACCT-680,crosslist,ACCT-480
AMGT-608,crosslist,AMGT-408
AMGT-633,crosslist,AMGT-433
AMGT-670,crosslist,PERF-470
AMGT-672,crosslist,AMGT-472
AMGT-675,crosslist,AMGT-475
AMGT-677,crosslist,AMGT-477
AMGT-682,crosslist,PERF-482
ANTH-621,crosslist,ANTH-421
ANTH-622,crosslist,ANTH-422
ANTH-623,crosslist,ANTH-423
ANTH-624,crosslist,ANTH-424
ANTH-625,crosslist,ANTH-425
ANTH-639,crosslist,ANTH-439
ANTH-642,crosslist,ANTH-442
ARTH-601,crosslist,ARTH-401
ARTH-602,crosslist,ARTH-402
ARTH-603,crosslist,ARTH-403
ARTH-611,crosslist,ARTH-411
ARTH-612,crosslist,ARTH-412
ARTH-613,crosslist,ARTH-413
ARTH-614,crosslist,ARTH-414
ARTH-615,crosslist,ARTH-415
ARTH-623,crosslist,ARTH-423
ARTH-624,crosslist,ARTH-424
ARTH-625,crosslist,ARTH-425
ARTH-631,crosslist,ARTH-431
ARTH-632,crosslist,ARTH-432
ARTH-633,crosslist,ARTH-433
ARTH-677,crosslist,AMGT-477
ARTS-670,crosslist,ARTS-470
ATEC-605,crosslist,ATEC-405
ATEC-607,crosslist,ATEC-407
ATEC-614,crosslist,ATEC-414
ATEC-615,crosslist,ATEC-415
ATEC-616,crosslist,ATEC-416
ATEC-617,crosslist,ATEC-417
ATEC-625,crosslist,ATEC-425
ATEC-626,crosslist,ATEC-426
ATEC-652,crosslist,ATEC-452
ATEC-681,crosslist,ATEC-481
ATEC-682,crosslist,ATEC-482
ATEC-683,crosslist,ATEC-483
ATEC-684,crosslist,ATEC-484
BIO-601,crosslist,BIO-401
BIO-605,crosslist,BIO-405
BIO-617,crosslist,BIO-417
BIO-622,crosslist,BIO-422
BIO-623,crosslist,BIO-423
BIO-626,crosslist,BIO-426
BIO-641,crosslist,BIO-441
BIO-642,crosslist,BIO-442
BIO-644,crosslist,BIO-444
BIO-650,crosslist,BIO-450
BIO-655,crosslist,BIO-455
BIO-659,crosslist,BIO-459
BIO-666,crosslist,BIO-466
BIO-678,crosslist,BIO-478
BIO-683,crosslist,BIO-483
BIO-685,crosslist,BIO-485
BIO-687,crosslist,BIO-487
BIO-688,crosslist,BIO-488
BIO-689,crosslist,BIO-489
CHEM-605,crosslist,CHEM-405
CHEM-606,crosslist,CHEM-406
CHEM-615,crosslist,CHEM-415
CHEM-621,crosslist,CHEM-421
CHEM-624,crosslist,CHEM-424
CHEM-633,crosslist,CHEM-433
CHEM-635,crosslist,CHEM-435
CHEM-636,crosslist,CHEM-436
CHEM-640,crosslist,CHEM-440
CHEM-642,crosslist,CHEM-442
CHEM-650,crosslist,CHEM-450
CHEM-655,crosslist,CHEM-455
CHEM-665,crosslist,CHEM-465
CHEM-666,crosslist,CHEM-466
CHEM-667,crosslist,CHEM-467
CHEM-668,crosslist,CHEM-468
CHEM-671,crosslist,CHEM-471
CHEM-672,crosslist,CHEM-472
CHEM-679,crosslist,CHEM-479
CHEM-681,crosslist,CHEM-481
CHEM-682,crosslist,CHEM-482
COMM-600,crosslist,COMM-400
COMM-608,crosslist,COMM-408
COMM-609,crosslist,COMM-409
COMM-611,crosslist,COMM-411
COMM-612,crosslist,COMM-412
COMM-613,crosslist,COMM-413
COMM-614,crosslist,COMM-414
COMM-615,crosslist,COMM-415
COMM-616,crosslist,COMM-416
COMM-617,crosslist,COMM-417
COMM-618,crosslist,COMM-418
COMM-619,crosslist,COMM-419
COMM-620,crosslist,COMM-420
COMM-628,crosslist,GOVT-628
COMM-629,crosslist,GOVT-629
COMM-635,crosslist,COMM-435
COMM-636,crosslist,COMM-436
COMM-638,crosslist,COMM-438
COMM-639,crosslist,COMM-439
COMM-641,crosslist,COMM-441
COMM-643,crosslist,COMM-443
COMM-645,crosslist,COMM-445
COMM-647,crosslist,COMM-447
COMM-649,crosslist,COMM-449
COMM-654,crosslist,COMM-454
COMM-655,crosslist,COMM-455
COMM-656,crosslist,COMM-456
COMM-657,crosslist,COMM-457
COMM-658,crosslist,COMM-458
COMM-663,crosslist,COMM-463
COMM-664,crosslist,COMM-464
COMM-666,crosslist,COMM-466
COMM-667,crosslist,COMM-467
COMM-668,crosslist,COMM-468
COMM-669,crosslist,COMM-469
COMM-673,crosslist,COMM-473
COMM-674,crosslist,COMM-474
COMM-676,crosslist,COMM-476
COMM-677,crosslist,COMM-477
COMM-678,crosslist,COMM-478
COMM-679,crosslist,COMM-479
COMM-680,crosslist,COMM-480
COMM-681,crosslist,COMM-481
COMM-683,crosslist,COMM-483
COMM-684,crosslist,COMM-484
COMM-685,crosslist,COMM-485
COMM-686,crosslist,COMM-486
COMM-687,crosslist,COMM-487
CSC-604,crosslist,CSC-404
CSC-620,crosslist,CSC-420
CSC-621,crosslist,CSC-421
CSC-632,crosslist,CSC-432
CSC-634,crosslist,CSC-434
CSC-640,crosslist,CSC-440
CSC-643,crosslist,CSC-443
CSC-644,crosslist,CSC-444
CSC-646,crosslist,CSC-446
CSC-647,crosslist,CSC-447
CSC-648,crosslist,CSC-448
CSC-649,crosslist,CSC-449
CSC-650,crosslist,CSC-450
CSC-660,crosslist,CSC-460
CSC-665,crosslist,CSC-465
CSC-668,crosslist,CSC-468
CSC-670,crosslist,CSC-470
CSC-676,crosslist,CSC-476
CSC-680,crosslist,CSC-480
CSC-681,crosslist,CSC-481
CSC-683,crosslist,CSC-483
CSC-684,crosslist,CSC-484
CSC-685,crosslist,CSC-485
CSC-694,crosslist,CSC-493
DATA-612,crosslist,DATA-412
DATA-613,crosslist,DATA-413
DATA-625,crosslist,DATA-425
DATA-641,crosslist,DATA-441
DATA-642,crosslist,DATA-442
DATA-645,crosslist,DATA-445
ECON-605,crosslist,ECON-405
ECON-640,crosslist,ECON-440
ECON-650,crosslist,ECON-450
ECON-679,crosslist,SIS-652
EDU-601,crosslist,EDU-455
EDU-603,crosslist,EDU-452
EDU-604,crosslist,EDU-456
EDU-608,crosslist,EDU-457
EDU-617,crosslist,EDU-417
EDU-619,crosslist,EDU-419
EDU-625,crosslist,EDU-425
EDU-637,crosslist,EDU-437
EDU-638,crosslist,EDU-438
EDU-643,crosslist,EDU-443
EDU-654,crosslist,EDU-454
EDU-655,crosslist,EDU-444
EDU-656,crosslist,EDU-445
EDU-663,crosslist,EDU-463
EDU-665,crosslist,EDU-465
EDU-681,crosslist,PUAD-681
EDU-688,crosslist,EDU-488
EDU-689,crosslist,EDU-489
ENVS-610,crosslist,ENVS-410
ENVS-615,crosslist,ENVS-415
ENVS-630,crosslist,ENVS-430
ENVS-650,crosslist,ENVS-450
ENVS-652,crosslist,ENVS-452
ENVS-654,crosslist,ENVS-454
ENVS-655,crosslist,ENVS-455
ENVS-660,crosslist,ENVS-460
ENVS-665,crosslist,ENVS-465
ENVS-670,crosslist,ENVS-470
ENVS-675,crosslist,ENVS-475
ENVS-685,crosslist,ENVS-485
ENVS-689,crosslist,ENVS-489
FIN-610,crosslist,FIN-410
FIN-650,crosslist,FIN-450
FIN-651,crosslist,FIN-451
FIN-652,crosslist,FIN-452
FIN-660,crosslist,FIN-460
FIN-661,crosslist,FIN-461
FIN-670,crosslist,FIN-470
FIN-673,crosslist,FIN-473
FIN-676,crosslist,FIN-476
FIN-677,crosslist,ACCT-477
FIN-687,crosslist,MGMT-687
FIN-689,crosslist,FIN-489
FIN-700,crosslist,IBUS-700
FREN-631,crosslist,FREN-431
FREN-632,crosslist,FREN-432
FREN-633,crosslist,FREN-433
FREN-634,crosslist,FREN-434
FREN-635,crosslist,FREN-435
FREN-636,crosslist,FREN-436
FREN-637,crosslist,FREN-437
GOVT-520,crosslist,GOVT-020
GOVT-523,crosslist,GOVT-023
GOVT-603,crosslist,GOVT-403
GOVT-604,crosslist,GOVT-404
GOVT-605,crosslist,GOVT-405
GOVT-606,crosslist,GOVT-406
GOVT-608,crosslist,GOVT-408
GOVT-609,crosslist,GOVT-409
GOVT-618,crosslist,STAT-618
GOVT-621,crosslist,GOVT-021
GOVT-622,crosslist,GOVT-422
GOVT-624,crosslist,GOVT-424
GOVT-626,crosslist,GOVT-426
GOVT-627,crosslist,GOVT-427
GOVT-628,crosslist,COMM-628
GOVT-629,crosslist,COMM-629
GOVT-630,crosslist,GOVT-430
GOVT-631,crosslist,GOVT-431
GOVT-635,crosslist,GOVT-435
GOVT-641,crosslist,GOVT-441
GOVT-643,crosslist,GOVT-443
GOVT-644,crosslist,GOVT-444
GOVT-645,crosslist,GOVT-445
GOVT-648,crosslist,GOVT-448
GOVT-664,crosslist,GOVT-464
GOVT-665,crosslist,GOVT-465
GOVT-670,crosslist,GOVT-470
GOVT-671,crosslist,GOVT-471
GOVT-676,crosslist,GOVT-476
GOVT-682,crosslist,GOVT-482
GOVT-683,crosslist,GOVT-483
GOVT-684,crosslist,GOVT-484
GOVT-685,crosslist,GOVT-485
GOVT-686,crosslist,GOVT-486
HIST-604,crosslist,HIST-404
HIST-605,crosslist,HIST-405
HIST-610,crosslist,HIST-410
HIST-611,crosslist,HIST-411
HIST-612,crosslist,HIST-412
HIST-615,crosslist,HIST-415
HIST-618,crosslist,HIST-418
HIST-619,crosslist,HIST-419
HIST-628,crosslist,HIST-428
HIST-637,crosslist,HIST-437
HIST-638,crosslist,HIST-438
HIST-640,crosslist,HIST-440
HIST-643,crosslist,HIST-443
HIST-645,crosslist,HIST-445
HIST-647,crosslist,HIST-447
HIST-648,crosslist,HIST-448
HIST-649,crosslist,HIST-449
HIST-650,crosslist,HIST-450
HIST-651,crosslist,HIST-451
HIST-652,crosslist,HIST-452
HIST-653,crosslist,HIST-453
HIST-654,crosslist,HIST-454
HIST-655,crosslist,HIST-455
HIST-656,crosslist,HIST-456
HIST-657,crosslist,HIST-457
HIST-659,crosslist,HIST-459
HIST-660,crosslist,HIST-460
HIST-661,crosslist,HIST-461
HIST-662,crosslist,HIST-462
HIST-664,crosslist,HIST-464
HIST-667,crosslist,HIST-467
HIST-668,crosslist,HIST-468
HIST-669,crosslist,HIST-469
HIST-670,crosslist,HIST-470
HIST-671,crosslist,HIST-471
HIST-673,crosslist,HIST-473
HIST-676,crosslist,HIST-476
HIST-677,crosslist,HIST-477
HIST-679,crosslist,HIST-479
HIST-685,crosslist,HIST-485
HIST-686,crosslist,HIST-486
HLTH-635,crosslist,NEUR-635
HLTH-641,crosslist,HLTH-441
HLTH-670,crosslist,HLTH-470
IBUS-608,crosslist,IBUS-408
IBUS-652,crosslist,FIN-452
IBUS-671,crosslist,IBUS-471
IBUS-673,crosslist,FIN-473
IBUS-676,crosslist,FIN-476
IBUS-700,crosslist,FIN-700
ISCI-601,crosslist,ISCI-401
ISCI-622,crosslist,ISCI-422
ISCI-625,crosslist,PHYS-425
ISCI-650,crosslist,ISCI-450
ITEC-600,crosslist,ITEC-400
ITEC-623,crosslist,ITEC-423
ITEC-630,crosslist,ITEC-455
ITEC-660,crosslist,ITEC-460
ITEC-666,crosslist,ITEC-466
ITEC-667,crosslist,ITEC-467
ITEC-668,crosslist,ITEC-468
ITEC-670,crosslist,ITEC-470
ITEC-678,crosslist,ITEC-478
ITEC-724,crosslist,SIS-724
JLC-605,crosslist,JLC-405
JLC-617,crosslist,JLC-417
JLC-620,crosslist,JLC-420
JLC-621,crosslist,JLC-421
JLC-622,crosslist,JLC-422
JLC-626,crosslist,JLC-426
JLC-635,crosslist,JLC-435
JLC-636,crosslist,JLC-436
JLC-647,crosslist,JLC-447
JLC-651,crosslist,JLC-451
JLC-661,crosslist,JLC-461
JLC-663,crosslist,JLC-463
JLC-668,crosslist,JLC-468
JLC-670,crosslist,JLC-470
JLC-671,crosslist,JLC-471
JLC-674,crosslist,JLC-474
JLC-675,crosslist,JLC-475
JLC-677,crosslist,JLC-477
JLC-678,crosslist,JLC-478
JLC-679,crosslist,JLC-479
JLC-682,crosslist,JLC-482
JLC-683,crosslist,JLC-483
JLC-684,crosslist,JLC-484
JLC-685,crosslist,JLC-485
KSB-607,crosslist,KSB-407
KSB-688,crosslist,MGMT-688
LING-601,crosslist,LING-401
LING-602,crosslist,LING-402
LING-603,crosslist,LING-403
LING-605,crosslist,LING-405
LING-615,crosslist,LING-415
LING-620,crosslist,LING-420
LING-621,crosslist,LING-421
LIT-611,crosslist,LIT-411
LIT-622,crosslist,LIT-422
LIT-634,crosslist,LIT-434
LIT-635,crosslist,AFAM-435
LIT-640,crosslist,LIT-440
LIT-643,crosslist,LIT-443
LIT-646,crosslist,LIT-446
LIT-667,crosslist,LIT-467
LIT-681,crosslist,LIT-481
MATH-603,crosslist,MATH-403
MATH-604,crosslist,MATH-404
MATH-605,crosslist,MATH-405
MATH-610,crosslist,MATH-410
MATH-612,crosslist,MATH-412
MATH-613,crosslist,MATH-413
MATH-615,crosslist,MATH-415
MATH-616,crosslist,MATH-416
MATH-620,crosslist,MATH-420
MATH-621,crosslist,MATH-421
MATH-631,crosslist,MATH-431
MATH-640,crosslist,MATH-440
MATH-650,crosslist,MATH-450
MATH-651,crosslist,MATH-451
MATH-660,crosslist,CSC-460
MATH-661,crosslist,MATH-461
MATH-665,crosslist,MATH-465
MATH-670,crosslist,MATH-470
MATH-680,crosslist,MATH-480
MGMT-602,crosslist,MGMT-402
MGMT-604,crosslist,MGMT-404
MGMT-617,crosslist,MGMT-417
MGMT-623,crosslist,ITEC-423
MGMT-642,crosslist,MGMT-442
MGMT-643,crosslist,MGMT-443
MGMT-644,crosslist,MGMT-444
MGMT-665,crosslist,MGMT-465
MGMT-669,crosslist,MGMT-469
MGMT-671,crosslist,IBUS-471
MGMT-678,crosslist,ITEC-478
MGMT-683,crosslist,MGMT-483
MGMT-687,crosslist,FIN-687
MGMT-688,crosslist,KSB-688
MKTG-605,crosslist,MKTG-405
MKTG-671,crosslist,MKTG-471
MUS-515,crosslist,PSYC-515
MUS-542,crosslist,MUS-042
MUS-543,crosslist,MUS-043
MUS-544,crosslist,MUS-044
MUS-545,crosslist,MUS-045
MUS-546,crosslist,MUS-046
MUS-547,crosslist,MUS-047
MUS-550,crosslist,MUS-050
MUS-561,crosslist,MUS-061
MUS-635,crosslist,MUS-435
NEUR-635,crosslist,HLTH-635
NEUR-659,crosslist,BIO-459
NEUR-689,crosslist,NEUR-489
PHIL-600,crosslist,PHIL-400
PHIL-601,crosslist,PHIL-401
PHIL-602,crosslist,PHIL-402
PHIL-603,crosslist,PHIL-403
PHIL-610,crosslist,PHIL-410
PHIL-611,crosslist,PHIL-411
PHIL-612,crosslist,PHIL-412
PHIL-613,crosslist,PHIL-413
PHIL-614,crosslist,PHIL-414
PHIL-616,crosslist,PHIL-416
PHIL-617,crosslist,PHIL-417
PHIL-618,crosslist,PHIL-418
PHIL-619,crosslist,PHIL-419
PHIL-620,crosslist,PHIL-420
PHIL-621,crosslist,PHIL-421
PHIL-623,crosslist,PHIL-423
PHIL-631,crosslist,PHIL-431
PHIL-653,crosslist,PHIL-453
PHIL-655,crosslist,PHIL-455
PHIL-685,crosslist,PHIL-485
PSYC-515,crosslist,MUS-515
PSYC-610,crosslist,PSYC-410
PSYC-613,crosslist,NEUR-480
PSYC-614,crosslist,PSYC-414
PSYC-634,crosslist,PSYC-434
PSYC-658,crosslist,PSYC-458
PSYC-661,crosslist,PSYC-461
PSYC-668,crosslist,PSYC-468
PSYC-684,crosslist,PSYC-484
PUAD-681,crosslist,EDU-681
REAL-630,crosslist,REAL-466
REAL-631,crosslist,REAL-431
REAL-635,crosslist,REAL-435
REAL-636,crosslist,REAL-436
REAL-638,crosslist,REAL-438
REAL-667,crosslist,REAL-467
REAL-670,crosslist,REAL-470
REAL-675,crosslist,REAL-475
RELG-655,crosslist,PHIL-455
RELG-670,crosslist,RELG-470
RELG-671,crosslist,RELG-471
RELG-672,crosslist,RELG-472
RELG-673,crosslist,RELG-473
RELG-675,crosslist,RELG-475
RELG-676,crosslist,RELG-476
RELG-686,crosslist,RELG-486
RUSS-641,crosslist,RUSS-441
RUSS-643,crosslist,RUSS-443
SIS-652,crosslist,ECON-679
SIS-724,crosslist,ITEC-724
SOCY-612,crosslist,SOCY-412
SOCY-624,crosslist,SOCY-424
SOCY-653,crosslist,SOCY-453
SOCY-658,crosslist,SOCY-458
SPA-620,crosslist,SPA-020
SPA-621,crosslist,SPA-421
SPA-622,crosslist,SPA-422
SPA-685,crosslist,SPA-085
SPAN-605,crosslist,LING-405
SPAN-654,crosslist,SPAN-454
SPAN-655,crosslist,SPAN-455
SPAN-656,crosslist,SPAN-456
SPAN-658,crosslist,SPAN-458
SPAN-659,crosslist,SPAN-459
SPAN-660,crosslist,SPAN-460
SPAN-661,crosslist,SPAN-461
SPAN-663,crosslist,SPAN-463
SPAN-666,crosslist,SPAN-466
SPAN-682,crosslist,SPAN-482
SPAN-683,crosslist,SPAN-483
STAT-605,crosslist,STAT-405
STAT-615,crosslist,STAT-415
STAT-618,crosslist,GOVT-618
STAT-622,crosslist,STAT-422
STAT-623,crosslist,STAT-423
STAT-625,crosslist,STAT-425
STAT-626,crosslist,STAT-426
STAT-627,crosslist,STAT-427
STAT-628,crosslist,STAT-428
STAT-684,crosslist,STAT-484
TESL-600,crosslist,TESL-400
TESL-601,crosslist,TESL-401
TESL-602,crosslist,TESL-402
TESL-603,crosslist,TESL-403
TESL-623,crosslist,TESL-423
TESL-624,crosslist,TESL-424
TESL-626,crosslist,TESL-426
TESL-627,crosslist,TESL-427
TESL-645,crosslist,TESL-445
TESL-654,crosslist,TESL-454
THTR-650,crosslist,THTR-414
THTR-652,crosslist,THTR-452
WGSS-660,crosslist,WGSS-460
WRT-610,crosslist,WRT-410
WSEM-600,crosslist,WSEM-400
WSEM-650,crosslist,WSEM-050
GOVT-021,crosslist,GOVT-621
HIST-085,crosslist,HIST-685
MUS-042,crosslist,MUS-542
MUS-043,crosslist,MUS-543
MUS-044,crosslist,MUS-544
MUS-045,crosslist,MUS-545
MUS-046,crosslist,MUS-546
MUS-047,crosslist,MUS-547
MUS-050,crosslist,MUS-550
MUS-061,crosslist,MUS-561
SPA-020,crosslist,SPA-620
WSEM-050,crosslist,WSEM-450
ACCT-477,crosslist,FIN-477
AFAM-415,crosslist,AWST-415
AFAM-435,crosslist,LIT-635
AMGT-477,crosslist,ARTH-477
AMST-256,crosslist,WGSS-256
AMST-285,crosslist,WGSS-285
AMST-415,crosslist,AWST-415
ARTH-477,crosslist,AMGT-677
ATEC-405,crosslist,ATEC-605
AWST-415,crosslist,AMST-415
BIO-459,crosslist,NEUR-459
DNCE-109,crosslist,DNCE-112
DNCE-209,crosslist,DNCE-212
DNCE-309,crosslist,DNCE-313
EDU-386,crosslist,SOCY-386
FIN-452,crosslist,IBUS-452
FIN-473,crosslist,IBUS-473
FIN-476,crosslist,IBUS-476
FIN-477,crosslist,ACCT-677
GOVT-421,crosslist,GOVT-621
HIST-382,crosslist,WGSS-382
HIST-443,crosslist,ISR-443
HLTH-285,crosslist,WGSS-285
IBUS-452,crosslist,FIN-652
IBUS-471,crosslist,MGMT-471
IBUS-473,crosslist,FIN-673
IBUS-476,crosslist,FIN-676
ISR-443,crosslist,HIST-643
ITEC-423,crosslist,MGMT-623
ITEC-478,crosslist,MGMT-478
JLC-386,crosslist,SOCY-386
LING-405,crosslist,SPAN-405
LING-421,crosslist,LING-621
LIT-256,crosslist,WGSS-256
LIT-382,crosslist,WGSS-382
LIT-435,crosslist,LIT-635
LTST-421,crosslist,LING-621
MGMT-471,crosslist,IBUS-671
MGMT-478,crosslist,ITEC-678
MUS-142,crosslist,MUS-542
MUS-143,crosslist,MUS-543
MUS-144,crosslist,MUS-544
MUS-145,crosslist,MUS-545
MUS-146,crosslist,MUS-546
MUS-147,crosslist,MUS-547
MUS-150,crosslist,MUS-550
MUS-161,crosslist,MUS-561
NEUR-459,crosslist,BIO-659
PERF-477,crosslist,AMGT-677
PHIL-455,crosslist,RELG-455
PHYS-405,crosslist,ATEC-605
RELG-455,crosslist,PHIL-655
SOCY-386,crosslist,JLC-386
SPA-420,crosslist,SPA-620
SPAN-405,crosslist,LING-605
THTR-314,crosslist,THTR-312
THTR-414,crosslist,THTR-450
THTR-450,crosslist,THTR-650
WGSS-256,crosslist,LIT-256
WGSS-285,crosslist,HLTH-285
WGSS-382,crosslist,LIT-382
WSEM-150,crosslist,WSEM-450
WSEM-450,crosslist,WSEM-150
ACCT-677,crosslist,FIN-477
AMGT-677,crosslist,ARTH-477
ARTH-677,crosslist,AMGT-677
ATEC-605,crosslist,PHYS-405
BIO-659,crosslist,NEUR-459
CSC-660,crosslist,MATH-460
FIN-652,crosslist,IBUS-452
FIN-673,crosslist,IBUS-473
FIN-676,crosslist,IBUS-476
FIN-677,crosslist,ACCT-677
GOVT-621,crosslist,GOVT-421
HIST-643,crosslist,ISR-443
IBUS-652,crosslist,FIN-652
IBUS-671,crosslist,MGMT-471
IBUS-673,crosslist,FIN-673
IBUS-676,crosslist,FIN-676
ITEC-623,crosslist,MGMT-623
ITEC-678,crosslist,MGMT-478
LING-605,crosslist,SPAN-405
LING-621,crosslist,LTST-421
LIT-635,crosslist,LIT-435
MATH-660,crosslist,CSC-660
MGMT-623,crosslist,ITEC-623
MGMT-671,crosslist,IBUS-671
MGMT-678,crosslist,ITEC-678
MUS-542,crosslist,MUS-142
MUS-543,crosslist,MUS-143
MUS-544,crosslist,MUS-144
MUS-545,crosslist,MUS-145
MUS-546,crosslist,MUS-146
MUS-547,crosslist,MUS-147
MUS-550,crosslist,MUS-150
MUS-561,crosslist,MUS-161
NEUR-659,crosslist,BIO-659
PHIL-655,crosslist,RELG-455
RELG-655,crosslist,PHIL-655
SPA-620,crosslist,SPA-420
SPAN-605,crosslist,LING-605
THTR-650,crosslist,THTR-450
WSEM-650,crosslist,WSEM-150
WSEM-050,crosslist,WSEM-650
ACCT-477,crosslist,FIN-677
AMGT-477,crosslist,ARTH-677
ARTH-477,crosslist,ARTH-677
BIO-459,crosslist,NEUR-659
DNCE-109,crosslist,DNCE-113
DNCE-209,crosslist,DNCE-213
DNCE-309,crosslist,DNCE-315
FIN-452,crosslist,IBUS-652
FIN-473,crosslist,IBUS-673
FIN-476,crosslist,IBUS-676
FIN-477,crosslist,FIN-677
IBUS-452,crosslist,IBUS-652
IBUS-471,crosslist,MGMT-671
IBUS-473,crosslist,IBUS-673
IBUS-476,crosslist,IBUS-676
ITEC-478,crosslist,MGMT-678
LING-405,crosslist,SPAN-605
MGMT-471,crosslist,MGMT-671
MGMT-478,crosslist,MGMT-678
NEUR-459,crosslist,NEUR-659
PERF-477,crosslist,ARTH-477
PHIL-455,crosslist,RELG-655
RELG-455,crosslist,RELG-655
SPAN-405,crosslist,SPAN-605
THTR-314,crosslist,THTR-318
THTR-414,crosslist,THTR-650
WSEM-150,crosslist,WSEM-650
WSEM-450,crosslist,WSEM-650
ACCT-677,crosslist,FIN-677
AMGT-677,crosslist,ARTH-677
ARTH-677,crosslist,ARTH-477
BIO-659,crosslist,NEUR-659
CSC-660,crosslist,MATH-660
FIN-652,crosslist,IBUS-652
FIN-673,crosslist,IBUS-673
FIN-676,crosslist,IBUS-676
FIN-677,crosslist,FIN-477
IBUS-652,crosslist,IBUS-452
IBUS-671,crosslist,MGMT-671
IBUS-673,crosslist,IBUS-473
IBUS-676,crosslist,IBUS-476
ITEC-678,crosslist,MGMT-678
LING-605,crosslist,SPAN-605
MATH-660,crosslist,MATH-460
MGMT-671,crosslist,MGMT-471
MGMT-678,crosslist,MGMT-478
NEUR-659,crosslist,NEUR-459
PHIL-655,crosslist,RELG-655
RELG-655,crosslist,RELG-455
SPAN-605,crosslist,SPAN-405
WSEM-650,crosslist,WSEM-450
AMGT-477,crosslist,PERF-477
ARTH-477,crosslist,PERF-477
DNCE-109,crosslist,DNCE-114
DNCE-209,crosslist,DNCE-215
PERF-477,crosslist,ARTH-677
THTR-314,crosslist,THTR-319
AMGT-677,crosslist,PERF-477
ARTH-677,crosslist,PERF-477
DNCE-109,crosslist,DNCE-115
DNCE-209,crosslist,DNCE-216
THTR-314,crosslist,THTR-320
DNCE-109,crosslist,DNCE-116
DNCE-209,crosslist,DNCE-217
DNCE-109,crosslist,DNCE-117
DNCE-109,crosslist,DNCE-118
GOVT-020,prerequisite,GOVT-110
GOVT-023,prerequisite,GOVT-110
HNRS-050,prerequisite,HNRS-395
HNRS-098,prerequisite,HNRS-398
ACCT-240,prerequisite,KSB-100
ACCT-241,prerequisite,ACCT-240
ACCT-245,prerequisite,KSB-100
ACCT-340,prerequisite,ACCT-240
ACCT-341,prerequisite,ACCT-340
ACCT-345,prerequisite,ACCT-241
ACCT-391,prerequisite,ACCT-241
ACCT-447,prerequisite,ACCT-341
ACCT-449,prerequisite,ACCT-340
ACCT-451,prerequisite,ACCT-340
ACCT-477,prerequisite,ACCT-340
ACCT-480,prerequisite,ACCT-451
ACCT-490,prerequisite,ACCT-241
AMST-400,prerequisite,AMST-200
AMST-410,prerequisite,AMST-400
ANTH-331,prerequisite,ANTH-251
ANTH-440,prerequisite,ANTH-251
ANTH-452,prerequisite,ANTH-251
ANTH-453,prerequisite,ANTH-452
ARAB-103,prerequisite,ARAB-102
ARAB-202,prerequisite,ARAB-103
ARAB-203,prerequisite,ARAB-202
ARAB-210,prerequisite,ARAB-103
ARAB-302,prerequisite,ARAB-203
ARAB-303,prerequisite,ARAB-302
ARAB-304,prerequisite,ARAB-203
ARAB-305,prerequisite,ARAB-304
ARAB-310,prerequisite,ARAB-203
ARAB-425,prerequisite,ARAB-303
ARAB-426,prerequisite,ARAB-303
ARTH-303,prerequisite,ARTH-105
ARTH-307,prerequisite,ARTH-105
ARTH-335,prerequisite,ARTH-105
ARTH-386,prerequisite,ARTH-105
ARTH-401,prerequisite,ARTH-105
ARTH-402,prerequisite,ARTH-105
ARTH-403,prerequisite,ARTH-105
ARTH-411,prerequisite,ARTH-105
ARTH-412,prerequisite,ARTH-105
ARTH-413,prerequisite,ARTH-105
ARTH-414,prerequisite,ARTH-105
ARTH-415,prerequisite,ARTH-105
ARTH-423,prerequisite,ARTH-210
ARTH-424,prerequisite,ARTH-225
ARTH-431,prerequisite,ARTH-105
ARTH-432,prerequisite,ARTH-105
ARTH-433,prerequisite,ARTH-105
ARTS-420,prerequisite,ARTS-210
ARTS-440,prerequisite,ARTS-105
ARTS-460,prerequisite,ARTS-205
ARTS-463,prerequisite,ARTS-205
ARTS-464,prerequisite,ARTS-205
ARTS-470,prerequisite,ARTS-235
ARTS-475,prerequisite,ARTS-235
ATEC-325,prerequisite,ATEC-225
ATEC-405,prerequisite,ATEC-101
ATEC-407,prerequisite,ATEC-201
ATEC-414,prerequisite,ATEC-425
ATEC-415,prerequisite,ATEC-225
ATEC-416,prerequisite,ATEC-415
ATEC-425,prerequisite,ATEC-325
ATEC-426,prerequisite,ATEC-417
ATEC-450,prerequisite,ATEC-415
ATEC-481,prerequisite,ATEC-225
ATEC-482,prerequisite,ATEC-201
ATEC-483,prerequisite,ATEC-225
ATEC-484,prerequisite,ATEC-201
BIO-210,prerequisite,BIO-110
BIO-301,prerequisite,BIO-110
BIO-302,prerequisite,BIO-301
BIO-320,prerequisite,BIO-210
BIO-340,prerequisite,BIO-210
BIO-342,prerequisite,BIO-100
BIO-356,prerequisite,BIO-320
BIO-399,prerequisite,BIO-320
BIO-401,prerequisite,BIO-320
BIO-405,prerequisite,BIO-320
BIO-410,prerequisite,BIO-210
BIO-417,prerequisite,BIO-210
BIO-422,prerequisite,BIO-320
BIO-423,prerequisite,BIO-210
BIO-426,prerequisite,BIO-356
BIO-434,prerequisite,BIO-210
BIO-435,prerequisite,BIO-320
BIO-440,prerequisite,BIO-320
BIO-441,prerequisite,BIO-320
BIO-442,prerequisite,BIO-210
BIO-444,prerequisite,BIO-210
BIO-450,prerequisite,BIO-320
BIO-451,prerequisite,BIO-320
BIO-455,prerequisite,BIO-320
BIO-459,prerequisite,BIO-320
BIO-460,prerequisite,BIO-210
BIO-466,prerequisite,BIO-356
BIO-475,prerequisite,BIO-210
BIO-483,prerequisite,BIO-356
BIO-485,prerequisite,BIO-356
BIO-487,prerequisite,BIO-356
BIO-488,prerequisite,BIO-320
BIO-498,prerequisite,BIO-497
CAS-151,prerequisite,CAS-150
CAS-250,prerequisite,CAS-151
CAS-251,prerequisite,CAS-250
CAS-350,prerequisite,CAS-251
CAS-450,prerequisite,CAS-251
CHEM-181,prerequisite,CHEM-111
CHEM-210,prerequisite,CHEM-110
CHEM-211,prerequisite,CHEM-111
CHEM-310,prerequisite,CHEM-210
CHEM-312,prerequisite,CHEM-210
CHEM-320,prerequisite,CHEM-310
CHEM-322,prerequisite,CHEM-312
CHEM-330,prerequisite,CHEM-110
CHEM-398,prerequisite,CHEM-320
CHEM-399,prerequisite,CHEM-320
CHEM-405,prerequisite,CHEM-310
CHEM-406,prerequisite,CHEM-460
CHEM-410,prerequisite,CHEM-310
CHEM-415,prerequisite,CHEM-320
CHEM-421,prerequisite,CHEM-310
CHEM-424,prerequisite,CHEM-320
CHEM-433,prerequisite,BIO-210
CHEM-435,prerequisite,CHEM-310
CHEM-440,prerequisite,CHEM-460
CHEM-442,prerequisite,CHEM-210
CHEM-450,prerequisite,CHEM-320
CHEM-460,prerequisite,CHEM-310
CHEM-462,prerequisite,CHEM-210
CHEM-465,prerequisite,CHEM-320
CHEM-466,prerequisite,CHEM-310
CHEM-467,prerequisite,CHEM-466
CHEM-468,prerequisite,BIO-210
CHEM-470,prerequisite,CHEM-310
CHEM-471,prerequisite,CHEM-322
CHEM-472,prerequisite,CHEM-471
CHEM-482,prerequisite,CHEM-481
CHEM-498,prerequisite,CHEM-460
CHIN-113,prerequisite,CHIN-112
CHIN-212,prerequisite,CHIN-113
CHIN-213,prerequisite,CHIN-212
CHIN-312,prerequisite,CHIN-213
CHIN-313,prerequisite,CHIN-312
CHIN-410,prerequisite,CHIN-312
CHIN-411,prerequisite,CHIN-410
CHIN-425,prerequisite,CHIN-313
CHIN-435,prerequisite,CHIN-313
CHIN-450,prerequisite,CHIN-313
COMM-201,prerequisite,COMM-100
COMM-250,prerequisite,COMM-105
COMM-282,prerequisite,COMM-105
COMM-300,prerequisite,COMM-100
COMM-305,prerequisite,COMM-100
COMM-320,prerequisite,COMM-100
COMM-322,prerequisite,COMM-200
COMM-325,prerequisite,COMM-320
COMM-330,prerequisite,ARTS-100
COMM-331,prerequisite,ARTS-205
COMM-337,prerequisite,COMM-301
COMM-346,prerequisite,COMM-301
COMM-378,prerequisite,COMM-100
COMM-380,prerequisite,COMM-301
COMM-385,prerequisite,COMM-305
COMM-400,prerequisite,COMM-331
COMM-402,prerequisite,COMM-282
COMM-408,prerequisite,COMM-301
COMM-413,prerequisite,COMM-282
COMM-418,prerequisite,COMM-320
COMM-419,prerequisite,COMM-320
COMM-425,prerequisite,COMM-320
COMM-432,prerequisite,COMM-305
COMM-435,prerequisite,COMM-105
COMM-436,prerequisite,COMM-464
COMM-437,prerequisite,COMM-337
COMM-438,prerequisite,COMM-331
COMM-441,prerequisite,COMM-301
COMM-454,prerequisite,COMM-250
COMM-456,prerequisite,COMM-282
COMM-462,prerequisite,COMM-425
COMM-463,prerequisite,COMM-331
COMM-464,prerequisite,COMM-282
COMM-465,prerequisite,COMM-100
COMM-466,prerequisite,COMM-282
COMM-469,prerequisite,COMM-301
COMM-473,prerequisite,COMM-301
COMM-476,prerequisite,COMM-330
COMM-478,prerequisite,COMM-476
COMM-479,prerequisite,COMM-330
COMM-480,prerequisite,COMM-100
COMM-483,prerequisite,COMM-282
COMM-484,prerequisite,COMM-282
COMM-486,prerequisite,COMM-331
COMM-487,prerequisite,COMM-305
COMM-491,prerequisite,COMM-337
CORE-200,prerequisite,CORE-100
CORE-201,prerequisite,CORE-100
CSC-208,prerequisite,CSC-148
CSC-240,prerequisite,CSC-148
CSC-256,prerequisite,CSC-148
CSC-316,prerequisite,CSC-208
CSC-321,prerequisite,CSC-121
CSC-336,prerequisite,CSC-208
CSC-420,prerequisite,CSC-208
CSC-421,prerequisite,CSC-208
CSC-432,prerequisite,CSC-148
CSC-434,prerequisite,CSC-208
CSC-439,prerequisite,CSC-148
CSC-440,prerequisite,CSC-240
CSC-444,prerequisite,CSC-208
CSC-446,prerequisite,CSC-316
CSC-447,prerequisite,CSC-208
CSC-448,prerequisite,CSC-208
CSC-449,prerequisite,CSC-208
CSC-450,prerequisite,CSC-208
CSC-460,prerequisite,CSC-148
CSC-465,prerequisite,CSC-208
CSC-468,prerequisite,CSC-208
CSC-470,prerequisite,CSC-208
CSC-471,prerequisite,CSC-208
CSC-476,prerequisite,CSC-208
CSC-480,prerequisite,CSC-208
CSC-481,prerequisite,CSC-208
CSC-483,prerequisite,CSC-208
CSC-485,prerequisite,CSC-208
CSC-486,prerequisite,CSC-476
CSC-493,prerequisite,CSC-420
DATA-312,prerequisite,STAT-160
DATA-413,prerequisite,DATA-412
DATA-425,prerequisite,DATA-412
DATA-442,prerequisite,STAT-427
DATA-445,prerequisite,CSC-480
DNCE-211,prerequisite,DNCE-111
DNCE-212,prerequisite,DNCE-112
DNCE-213,prerequisite,DNCE-113
DNCE-215,prerequisite,DNCE-115
DNCE-216,prerequisite,DNCE-116
DNCE-217,prerequisite,DNCE-117
DNCE-312,prerequisite,DNCE-212
DNCE-313,prerequisite,DNCE-213
DNCE-315,prerequisite,DNCE-215
DNCE-460,prerequisite,DNCE-275
DNCE-470,prerequisite,DNCE-275
DNCE-475,prerequisite,DNCE-470
ECON-300,prerequisite,ECON-100
ECON-301,prerequisite,ECON-100
ECON-314,prerequisite,ECON-100
ECON-316,prerequisite,ECON-200
ECON-317,prerequisite,ECON-100
ECON-318,prerequisite,ECON-100
ECON-319,prerequisite,ECON-100
ECON-320,prerequisite,ECON-100
ECON-322,prerequisite,ECON-100
ECON-332,prerequisite,ECON-100
ECON-341,prerequisite,ECON-100
ECON-345,prerequisite,ECON-150
ECON-346,prerequisite,ECON-100
ECON-350,prerequisite,ECON-100
ECON-351,prerequisite,ECON-100
ECON-359,prerequisite,ECON-100
ECON-361,prerequisite,ECON-100
ECON-362,prerequisite,ECON-100
ECON-363,prerequisite,ECON-301
ECON-370,prerequisite,ECON-100
ECON-371,prerequisite,ECON-300
ECON-372,prerequisite,ECON-301
ECON-373,prerequisite,ECON-300
ECON-374,prerequisite,ECON-100
ECON-379,prerequisite,ECON-100
ECON-397,prerequisite,ECON-100
ECON-400,prerequisite,ECON-150
ECON-401,prerequisite,ECON-100
ECON-405,prerequisite,MATH-221
ECON-424,prerequisite,ECON-322
ECON-440,prerequisite,ECON-100
ECON-450,prerequisite,ECON-200
ECON-458,prerequisite,ECON-100
ECON-478,prerequisite,ECON-300
ECON-480,prerequisite,ECON-300
ECON-491,prerequisite,ECON-300
ECON-492,prerequisite,ECON-300
EDU-330,prerequisite,EDU-205
EDU-371,prerequisite,EDU-205
EDU-410,prerequisite,EDU-205
EDU-452,prerequisite,EDU-205
EDU-455,prerequisite,EDU-205
EDU-456,prerequisite,EDU-205
EDU-457,prerequisite,EDU-205
EDU-489,prerequisite,EDU-488
EDU-492,prerequisite,EDU-321
ENVS-300,prerequisite,BIO-210
ENVS-310,prerequisite,ENVS-150
ENVS-324,prerequisite,BIO-110
ENVS-475,prerequisite,BIO-110
FIN-198,prerequisite,FIN-197
FIN-199,prerequisite,FIN-197
FIN-201,prerequisite,FIN-200
FIN-365,prerequisite,ACCT-240
FIN-368,prerequisite,FIN-365
FIN-369,prerequisite,FIN-365
FIN-391,prerequisite,FIN-365
FIN-450,prerequisite,FIN-365
FIN-451,prerequisite,FIN-365
FIN-460,prerequisite,FIN-365
FIN-461,prerequisite,FIN-365
FIN-462,prerequisite,FIN-365
FIN-463,prerequisite,FIN-365
FIN-464,prerequisite,FIN-365
FIN-465,prerequisite,FIN-369
FIN-470,prerequisite,FIN-369
FIN-472,prerequisite,FIN-369
FIN-476,prerequisite,FIN-473
FIN-477,prerequisite,ACCT-340
FIN-490,prerequisite,FIN-365
FIN-496,prerequisite,FIN-365
FREN-123,prerequisite,FREN-122
FREN-222,prerequisite,FREN-123
FREN-223,prerequisite,FREN-222
FREN-322,prerequisite,FREN-223
FREN-323,prerequisite,FREN-322
FREN-410,prerequisite,FREN-223
FREN-415,prerequisite,FREN-223
FREN-431,prerequisite,FREN-323
FREN-432,prerequisite,FREN-323
FREN-433,prerequisite,FREN-323
FREN-434,prerequisite,FREN-323
FREN-435,prerequisite,FREN-323
FREN-436,prerequisite,FREN-323
FREN-437,prerequisite,FREN-323
FREN-440,prerequisite,FREN-323
GDES-300,prerequisite,GDES-200
GDES-310,prerequisite,GDES-200
GDES-315,prerequisite,GDES-200
GDES-320,prerequisite,GDES-300
GDES-325,prerequisite,GDES-300
GDES-350,prerequisite,ARTS-205
GDES-400,prerequisite,GDES-300
GDES-405,prerequisite,GDES-300
GDES-420,prerequisite,GDES-400
GDES-425,prerequisite,GDES-405
GDES-450,prerequisite,GDES-300
GERM-133,prerequisite,GERM-132
GERM-232,prerequisite,GERM-133
GERM-233,prerequisite,GERM-232
GERM-332,prerequisite,GERM-233
GERM-333,prerequisite,GERM-332
GERM-336,prerequisite,GERM-333
GERM-338,prerequisite,GERM-333
GERM-339,prerequisite,GERM-233
GERM-432,prerequisite,GERM-333
GERM-433,prerequisite,GERM-333
GERM-438,prerequisite,GERM-333
GERM-439,prerequisite,GERM-333
GOVT-205,prerequisite,GOVT-105
GOVT-233,prerequisite,GOVT-130
GOVT-310,prerequisite,GOVT-110
GOVT-315,prerequisite,GOVT-110
GOVT-320,prerequisite,GOVT-110
GOVT-321,prerequisite,GOVT-110
GOVT-322,prerequisite,GOVT-110
GOVT-323,prerequisite,GOVT-110
GOVT-332,prerequisite,GOVT-130
GOVT-335,prerequisite,GOVT-130
GOVT-337,prerequisite,GOVT-130
GOVT-349,prerequisite,GOVT-130
GOVT-402,prerequisite,GOVT-310
GOVT-403,prerequisite,GOVT-105
GOVT-404,prerequisite,GOVT-105
GOVT-405,prerequisite,GOVT-105
GOVT-406,prerequisite,GOVT-105
GOVT-408,prerequisite,GOVT-105
GOVT-409,prerequisite,GOVT-105
GOVT-414,prerequisite,GOVT-105
GOVT-421,prerequisite,GOVT-110
GOVT-423,prerequisite,GOVT-210
GOVT-424,prerequisite,GOVT-110
GOVT-432,prerequisite,GOVT-130
GOVT-437,prerequisite,GOVT-130
GOVT-440,prerequisite,GOVT-130
GOVT-445,prerequisite,GOVT-322
GOVT-450,prerequisite,GOVT-130
GOVT-455,prerequisite,GOVT-226
GOVT-458,prerequisite,GOVT-226
GOVT-461,prerequisite,GOVT-110
GOVT-477,prerequisite,GOVT-110
GOVT-482,prerequisite,GOVT-110
GOVT-483,prerequisite,GOVT-110
GOVT-484,prerequisite,GOVT-110
GOVT-485,prerequisite,GOVT-110
GOVT-487,prerequisite,GOVT-130
HEBR-117,prerequisite,HEBR-116
HEBR-216,prerequisite,HEBR-117
HEBR-217,prerequisite,HEBR-216
HEBR-316,prerequisite,HEBR-217
HEBR-317,prerequisite,HEBR-316
HFIT-101,prerequisite,HFIT-100
HFIT-121,prerequisite,HFIT-120
HFIT-181,prerequisite,HFIT-180
HIST-481,prerequisite,HIST-480
HIST-482,prerequisite,HIST-399
HLTH-210,prerequisite,HLTH-110
HLTH-216,prerequisite,HLTH-215
HLTH-320,prerequisite,BIO-110
HLTH-325,prerequisite,BIO-301
HLTH-330,prerequisite,HLTH-110
HLTH-335,prerequisite,HLTH-240
HLTH-340,prerequisite,HLTH-110
HLTH-345,prerequisite,HLTH-110
HLTH-350,prerequisite,HLTH-110
HLTH-366,prerequisite,SPAN-153
HLTH-370,prerequisite,HLTH-110
HLTH-410,prerequisite,HLTH-335
HLTH-435,prerequisite,BIO-110
HLTH-440,prerequisite,HLTH-340
HLTH-441,prerequisite,HLTH-335
HNRS-398,prerequisite,HNRS-395
IBUS-301,prerequisite,IBUS-300
IBUS-391,prerequisite,IBUS-300
IBUS-401,prerequisite,IBUS-300
IBUS-402,prerequisite,IBUS-300
IBUS-463,prerequisite,FIN-365
IBUS-476,prerequisite,FIN-473
IBUS-490,prerequisite,IBUS-300
IDIS-201,prerequisite,IDIS-101
IDIS-342,prerequisite,IDIS-341
ITAL-119,prerequisite,ITAL-118
ITAL-218,prerequisite,ITAL-119
ITAL-219,prerequisite,ITAL-218
ITAL-318,prerequisite,ITAL-219
ITAL-319,prerequisite,ITAL-318
ITEC-200,prerequisite,KSB-100
ITEC-210,prerequisite,STAT-202
ITEC-320,prerequisite,ITEC-200
ITEC-321,prerequisite,DATA-412
ITEC-334,prerequisite,ITEC-200
ITEC-355,prerequisite,ACCT-241
ITEC-391,prerequisite,ITEC-200
ITEC-400,prerequisite,STAT-202
ITEC-423,prerequisite,DATA-412
ITEC-455,prerequisite,ITEC-200
ITEC-460,prerequisite,ITEC-200
ITEC-466,prerequisite,DATA-312
ITEC-467,prerequisite,ITEC-200
ITEC-470,prerequisite,ITEC-200
ITEC-477,prerequisite,ITEC-200
JAPN-115,prerequisite,JAPN-114
JAPN-214,prerequisite,JAPN-115
JAPN-215,prerequisite,JAPN-214
JAPN-310,prerequisite,JAPN-215
JAPN-314,prerequisite,JAPN-215
JAPN-315,prerequisite,JAPN-314
JAPN-410,prerequisite,JAPN-315
JAPN-414,prerequisite,JAPN-215
JAPN-415,prerequisite,JAPN-315
JLC-201,prerequisite,JLC-110
JLC-210,prerequisite,JLC-104
JLC-280,prerequisite,JLC-104
JLC-302,prerequisite,JLC-110
JLC-308,prerequisite,JLC-110
JLC-391,prerequisite,GOVT-210
JLC-410,prerequisite,JLC-110
JLC-411,prerequisite,JLC-110
JLC-413,prerequisite,JLC-302
JLC-420,prerequisite,JLC-101
JLC-432,prerequisite,JLC-110
JLC-436,prerequisite,JLC-101
JLC-444,prerequisite,JLC-104
JLC-445,prerequisite,JLC-205
JLC-461,prerequisite,JLC-470
JWST-482,prerequisite,JWST-481
KOR-103,prerequisite,KOR-102
KOR-202,prerequisite,KOR-103
KOR-203,prerequisite,KOR-202
KOR-302,prerequisite,KOR-202
KOR-303,prerequisite,KOR-302
KSB-121,prerequisite,KSB-111
KSB-122,prerequisite,KSB-111
KSB-123,prerequisite,KSB-111
KSB-211,prerequisite,KSB-111
KSB-212,prerequisite,KSB-111
KSB-213,prerequisite,KSB-111
KSB-221,prerequisite,KSB-122
KSB-223,prerequisite,KSB-211
KSB-224,prerequisite,KSB-121
KSB-301,prerequisite,KSB-113
KSB-302,prerequisite,KSB-113
KSB-391,prerequisite,KSB-101
KSB-421,prerequisite,KSB-221
LING-410,prerequisite,SPAN-353
LIT-202,prerequisite,WRT-100
LIT-203,prerequisite,WRT-100
LIT-347,prerequisite,SPAN-237
LIT-400,prerequisite,LIT-107
LIT-401,prerequisite,LIT-107
LIT-403,prerequisite,LIT-107
LIT-480,prerequisite,LIT-479
MATH-211,prerequisite,MATH-160
MATH-220,prerequisite,MATH-211
MATH-221,prerequisite,MATH-170
MATH-222,prerequisite,MATH-211
MATH-313,prerequisite,MATH-222
MATH-345,prerequisite,ECON-150
MATH-403,prerequisite,MATH-222
MATH-404,prerequisite,MATH-310
MATH-405,prerequisite,MATH-403
MATH-410,prerequisite,MATH-310
MATH-412,prerequisite,MATH-403
MATH-413,prerequisite,MATH-412
MATH-415,prerequisite,MATH-403
MATH-416,prerequisite,MATH-403
MATH-420,prerequisite,MATH-403
MATH-421,prerequisite,MATH-403
MATH-427,prerequisite,CSC-148
MATH-428,prerequisite,MATH-222
MATH-431,prerequisite,CSC-148
MATH-440,prerequisite,MATH-403
MATH-450,prerequisite,MATH-313
MATH-451,prerequisite,MATH-321
MATH-460,prerequisite,CSC-148
MATH-461,prerequisite,MATH-403
MATH-465,prerequisite,CSC-148
MATH-470,prerequisite,MATH-222
MGMT-305,prerequisite,MGMT-301
MGMT-382,prerequisite,MGMT-380
MGMT-391,prerequisite,KSB-101
MGMT-402,prerequisite,ACCT-245
MGMT-403,prerequisite,MGMT-301
MGMT-442,prerequisite,MKTG-300
MGMT-458,prerequisite,ACCT-241
MGMT-472,prerequisite,MGMT-301
MGMT-484,prerequisite,MGMT-353
MKTG-300,prerequisite,ECON-150
MKTG-301,prerequisite,MKTG-300
MKTG-302,prerequisite,MKTG-250
MKTG-311,prerequisite,MKTG-300
MKTG-391,prerequisite,KSB-101
MKTG-405,prerequisite,MKTG-250
MKTG-412,prerequisite,MKTG-411
MKTG-421,prerequisite,MKTG-250
MKTG-431,prerequisite,MKTG-300
MKTG-471,prerequisite,MKTG-250
MKTG-472,prerequisite,MKTG-250
MKTG-490,prerequisite,MKTG-300
MKTG-496,prerequisite,MKTG-250
MUS-112,prerequisite,MUS-111
MUS-124,prerequisite,MUS-120
MUS-125,prerequisite,MUS-124
MUS-126,prerequisite,MUS-120
MUS-127,prerequisite,MUS-126
MUS-224,prerequisite,MUS-125
MUS-322,prerequisite,MUS-125
MUS-323,prerequisite,MUS-125
MUS-325,prerequisite,MUS-125
MUS-441,prerequisite,MUS-125
MUS-442,prerequisite,MUS-125
NEUR-220,prerequisite,BIO-110
NEUR-310,prerequisite,NEUR-210
NEUR-320,prerequisite,NEUR-220
NEUR-330,prerequisite,NEUR-220
NEUR-380,prerequisite,BIO-220
NEUR-435,prerequisite,BIO-110
NEUR-459,prerequisite,BIO-320
NEUR-460,prerequisite,BIO-210
NEUR-475,prerequisite,BIO-210
NEUR-480,prerequisite,NEUR-210
NEUR-488,prerequisite,NEUR-310
NEUR-489,prerequisite,NEUR-210
NEUR-492,prerequisite,NEUR-210
NEUR-498,prerequisite,NEUR-497
PERF-265,prerequisite,THTR-260
PERF-317,prerequisite,PERF-316
PERS-103,prerequisite,PERS-102
PERS-203,prerequisite,PERS-202
PHIL-385,prerequisite,PHIL-220
PHIL-420,prerequisite,PHIL-220
PHIL-431,prerequisite,PHIL-220
PHYS-105,prerequisite,MATH-170
PHYS-205,prerequisite,PHYS-105
PHYS-210,prerequisite,MATH-221
PHYS-310,prerequisite,MATH-221
PHYS-331,prerequisite,PHYS-200
PHYS-351,prerequisite,PHYS-200
PHYS-360,prerequisite,PHYS-331
PHYS-380,prerequisite,PHYS-200
PHYS-405,prerequisite,ATEC-101
PHYS-425,prerequisite,MATH-221
PHYS-430,prerequisite,PHYS-351
PHYS-440,prerequisite,PHYS-331
PHYS-450,prerequisite,PHYS-380
PHYS-460,prerequisite,PHYS-351
PHYS-470,prerequisite,PHYS-380
PORT-103,prerequisite,PORT-102
PORT-105,prerequisite,PORT-104
PORT-202,prerequisite,PORT-103
PORT-203,prerequisite,PORT-202
PSYC-300,prerequisite,PSYC-100
PSYC-301,prerequisite,STAT-202
PSYC-310,prerequisite,PSYC-100
PSYC-313,prerequisite,STAT-202
PSYC-315,prerequisite,PSYC-100
PSYC-318,prerequisite,PSYC-100
PSYC-322,prerequisite,PSYC-100
PSYC-325,prerequisite,PSYC-100
PSYC-330,prerequisite,PSYC-100
PSYC-333,prerequisite,PSYC-100
PSYC-335,prerequisite,PSYC-100
PSYC-345,prerequisite,PSYC-100
PSYC-350,prerequisite,PSYC-100
PSYC-360,prerequisite,PSYC-100
PSYC-365,prerequisite,PSYC-100
PSYC-370,prerequisite,PSYC-100
PSYC-375,prerequisite,NEUR-210
PSYC-410,prerequisite,PSYC-310
PSYC-421,prerequisite,PSYC-100
PSYC-425,prerequisite,PSYC-100
PSYC-434,prerequisite,STAT-202
PSYC-440,prerequisite,PSYC-100
PSYC-444,prerequisite,PSYC-100
PSYC-450,prerequisite,PSYC-100
PSYC-454,prerequisite,PSYC-100
PSYC-461,prerequisite,PSYC-325
PSYC-470,prerequisite,PSYC-100
PSYC-484,prerequisite,NEUR-210
PSYC-488,prerequisite,PSYC-301
REAL-391,prerequisite,KSB-101
REAL-438,prerequisite,FIN-365
REAL-467,prerequisite,FIN-365
REAL-470,prerequisite,FIN-369
RUSS-145,prerequisite,RUSS-144
RUSS-244,prerequisite,RUSS-145
RUSS-245,prerequisite,RUSS-244
RUSS-342,prerequisite,RUSS-245
RUSS-343,prerequisite,RUSS-342
RUSS-441,prerequisite,RUSS-343
RUSS-443,prerequisite,RUSS-343
SISA-306,prerequisite,SISU-206
SISA-310,prerequisite,SISU-206
SISA-311,prerequisite,SISU-206
SISA-312,prerequisite,SISU-206
SISA-313,prerequisite,SISU-206
SISA-314,prerequisite,SISU-206
SISA-315,prerequisite,SISU-206
SISA-316,prerequisite,SISU-206
SISA-317,prerequisite,SISU-206
SISA-319,prerequisite,SISU-206
SISA-320,prerequisite,SISU-206
SISA-321,prerequisite,SISU-206
SISA-322,prerequisite,SISU-206
SISA-323,prerequisite,SISU-206
SISA-324,prerequisite,SISU-206
SISA-325,prerequisite,SISU-206
SISA-326,prerequisite,SISU-206
SISA-327,prerequisite,SISU-206
SISA-330,prerequisite,SISU-206
SISA-331,prerequisite,SISU-206
SISA-332,prerequisite,SISU-206
SISA-333,prerequisite,SISU-206
SISA-334,prerequisite,SISU-206
SISA-335,prerequisite,SISU-206
SISA-336,prerequisite,SISU-206
SISA-337,prerequisite,SISU-206
SISA-340,prerequisite,SISU-206
SISA-341,prerequisite,SISU-206
SISA-342,prerequisite,SISU-206
SISA-343,prerequisite,SISU-206
SISA-344,prerequisite,SISU-206
SISA-345,prerequisite,SISU-206
SISA-346,prerequisite,SISU-206
SISA-347,prerequisite,SISU-206
SISA-350,prerequisite,SISU-206
SISA-351,prerequisite,SISU-206
SISA-352,prerequisite,SISU-206
SISA-353,prerequisite,SISU-206
SISA-354,prerequisite,SISU-206
SISA-355,prerequisite,SISU-206
SISA-356,prerequisite,SISU-206
SISA-357,prerequisite,SISU-206
SISA-360,prerequisite,SISU-206
SISA-361,prerequisite,SISU-206
SISA-362,prerequisite,SISU-206
SISA-363,prerequisite,SISU-206
SISA-364,prerequisite,SISU-206
SISA-365,prerequisite,SISU-206
SISA-366,prerequisite,SISU-206
SISA-367,prerequisite,SISU-206
SISA-370,prerequisite,SISU-206
SISA-371,prerequisite,SISU-206
SISA-372,prerequisite,SISU-206
SISA-373,prerequisite,SISU-206
SISA-374,prerequisite,SISU-206
SISA-375,prerequisite,SISU-206
SISA-376,prerequisite,SISU-206
SISA-377,prerequisite,SISU-206
SISA-380,prerequisite,SISU-206
SISA-381,prerequisite,SISU-206
SISA-382,prerequisite,SISU-206
SISA-383,prerequisite,SISU-206
SISA-384,prerequisite,SISU-206
SISA-385,prerequisite,SISU-206
SISA-386,prerequisite,SISU-206
SISA-387,prerequisite,SISU-206
SISA-388,prerequisite,SISU-206
SISU-205,prerequisite,SISU-105
SISU-206,prerequisite,SISU-105
SISU-210,prerequisite,SISU-105
SISU-220,prerequisite,SISU-105
SISU-230,prerequisite,SISU-105
SISU-240,prerequisite,SISU-105
SISU-250,prerequisite,SISU-105
SISU-260,prerequisite,SISU-105
SISU-270,prerequisite,SISU-105
SISU-280,prerequisite,SISU-105
SISU-300,prerequisite,ECON-100
SISU-306,prerequisite,SISU-206
SISU-419,prerequisite,SISU-306
SISU-440,prerequisite,SISU-206
SISU-441,prerequisite,SISU-440
SISU-461,prerequisite,SISU-210
SISU-462,prerequisite,SISU-220
SISU-463,prerequisite,SISU-230
SISU-464,prerequisite,SISU-240
SISU-465,prerequisite,SISU-250
SISU-466,prerequisite,SISU-260
SISU-467,prerequisite,SISU-270
SISU-468,prerequisite,SISU-280
SISU-471,prerequisite,SISU-211
SISU-472,prerequisite,SISU-212
SISU-473,prerequisite,SISU-213
SISU-474,prerequisite,SISU-214
SISU-475,prerequisite,SISU-215
SISU-476,prerequisite,SISU-216
SOCY-320,prerequisite,SOCY-100
SOCY-350,prerequisite,SOCY-100
SOCY-358,prerequisite,SOCY-100
SOCY-368,prerequisite,SOCY-100
SOCY-370,prerequisite,SOCY-100
SOCY-389,prerequisite,ENVS-250
SOCY-412,prerequisite,SOCY-100
SOCY-421,prerequisite,STAT-160
SOCY-424,prerequisite,SOCY-100
SOCY-450,prerequisite,SOCY-100
SOCY-452,prerequisite,SOCY-100
SOCY-455,prerequisite,SOCY-100
SOCY-458,prerequisite,SOCY-100
SOCY-475,prerequisite,SOCY-100
SOCY-491,prerequisite,SOCY-100
SPA-350,prerequisite,GOVT-105
SPA-351,prerequisite,GOVT-105
SPA-354,prerequisite,SPA-353
SPA-362,prerequisite,SPA-361
SPA-370,prerequisite,GOVT-110
SPA-457,prerequisite,SPA-491
SPA-480,prerequisite,GOVT-310
SPA-489,prerequisite,GOVT-310
SPA-491,prerequisite,SPA-355
SPAN-137,prerequisite,SPAN-136
SPAN-153,prerequisite,SPAN-152
SPAN-236,prerequisite,SPAN-137
SPAN-237,prerequisite,SPAN-236
SPAN-252,prerequisite,SPAN-153
SPAN-253,prerequisite,SPAN-252
SPAN-336,prerequisite,SPAN-237
SPAN-337,prerequisite,SPAN-336
SPAN-352,prerequisite,SPAN-253
SPAN-353,prerequisite,SPAN-352
SPAN-355,prerequisite,SPAN-353
SPAN-357,prerequisite,SPAN-353
SPAN-366,prerequisite,SPAN-153
SPAN-389,prerequisite,SPAN-353
SPAN-410,prerequisite,SPAN-353
SPAN-412,prerequisite,SPAN-353
SPAN-450,prerequisite,SPAN-353
SPAN-454,prerequisite,SPAN-353
SPAN-456,prerequisite,SPAN-353
SPAN-458,prerequisite,SPAN-353
SPAN-459,prerequisite,SPAN-458
SPAN-460,prerequisite,SPAN-353
SPAN-461,prerequisite,SPAN-353
SPAN-462,prerequisite,SPAN-353
SPAN-463,prerequisite,SPAN-353
SPAN-466,prerequisite,SPAN-353
SPAN-482,prerequisite,SPAN-353
SPAN-483,prerequisite,SPAN-353
SPAN-491,prerequisite,SPAN-353
STAT-203,prerequisite,MATH-221
STAT-302,prerequisite,STAT-202
STAT-320,prerequisite,STAT-202
STAT-402,prerequisite,MATH-401
STAT-405,prerequisite,STAT-202
STAT-415,prerequisite,STAT-302
STAT-422,prerequisite,STAT-302
STAT-423,prerequisite,STAT-202
STAT-426,prerequisite,STAT-202
STAT-427,prerequisite,STAT-415
STAT-484,prerequisite,MATH-401
SWAH-103,prerequisite,SWAH-102
SWAH-113,prerequisite,SWAH-102
SWAH-202,prerequisite,SWAH-103
SWAH-212,prerequisite,SWAH-103
SWAH-213,prerequisite,SWAH-212
SWAH-312,prerequisite,SWAH-213
TESL-402,prerequisite,TESL-401
TESL-403,prerequisite,TESL-400
TESL-420,prerequisite,TESL-220
TESL-423,prerequisite,TESL-401
TESL-427,prerequisite,TESL-401
TESL-445,prerequisite,TESL-401
TESL-454,prerequisite,TESL-401
THTR-214,prerequisite,THTR-219
THTR-224,prerequisite,THTR-124
THTR-262,prerequisite,THTR-260
THTR-312,prerequisite,THTR-219
THTR-314,prerequisite,THTR-308
THTR-318,prerequisite,MUS-126
THTR-319,prerequisite,THTR-219
THTR-320,prerequisite,THTR-319
THTR-324,prerequisite,THTR-124
THTR-338,prerequisite,THTR-124
THTR-362,prerequisite,THTR-260
THTR-363,prerequisite,THTR-260
THTR-364,prerequisite,THTR-260
THTR-414,prerequisite,THTR-415
THTR-415,prerequisite,THTR-319
THTR-419,prerequisite,THTR-308
THTR-452,prerequisite,THTR-124
WGSS-340,prerequisite,WGSS-125
WGSS-400,prerequisite,WGSS-125
WGSS-460,prerequisite,WGSS-400
WGSS-491,prerequisite,WGSS-125
WGSS-498,prerequisite,WGSS-460
WRT-101,prerequisite,WRT-100
WRT-103,prerequisite,WRT-102
WRT-310,prerequisite,WRT-200
WRT-320,prerequisite,WRT-200
WRT-350,prerequisite,WRT-200
ACCT-550,prerequisite,ACCT-241
ACCT-560,prerequisite,ACCT-340
ACCT-604,prerequisite,ACCT-607
ACCT-611,prerequisite,ACCT-609
ACCT-641,prerequisite,ACCT-607
ACCT-642,prerequisite,ACCT-607
ACCT-647,prerequisite,ACCT-641
ACCT-649,prerequisite,ACCT-641
ACCT-651,prerequisite,ACCT-607
ACCT-670,prerequisite,ACCT-607
ACCT-677,prerequisite,ACCT-607
ACCT-680,prerequisite,ACCT-651
ACCT-681,prerequisite,ACCT-607
ACCT-725,prerequisite,ACCT-609
ACCT-740,prerequisite,ACCT-604
ACCT-741,prerequisite,ACCT-604
ACCT-742,prerequisite,ACCT-604
ACCT-743,prerequisite,ACCT-604
ACCT-746,prerequisite,ACCT-604
ACCT-747,prerequisite,ACCT-604
ACCT-760,prerequisite,ACCT-649
ACCT-780,prerequisite,ACCT-641
AMGT-671,prerequisite,AMGT-670
AMGT-673,prerequisite,AMGT-670
AMGT-674,prerequisite,AMGT-670
AMGT-701,prerequisite,AMGT-794
ANTH-603,prerequisite,ANTH-601
ANTH-604,prerequisite,ANTH-601
ANTH-653,prerequisite,ANTH-652
APM-610,prerequisite,APM-600
APM-620,prerequisite,APM-600
APM-630,prerequisite,APM-600
APM-640,prerequisite,APM-600
ARTH-794,prerequisite,ARTH-792
ARTH-797,prerequisite,ARTH-792
ATEC-614,prerequisite,ATEC-617
ATEC-626,prerequisite,ATEC-617
ATEC-750,prerequisite,ATEC-650
BIO-561,prerequisite,BIO-110
CHEM-666,prerequisite,CHEM-665
CHEM-667,prerequisite,CHEM-666
CHEM-672,prerequisite,CHEM-671
CHEM-682,prerequisite,CHEM-681
COMM-506,prerequisite,COMM-282
COMM-568,prerequisite,COMM-331
COMM-588,prerequisite,COMM-320
COMM-608,prerequisite,COMM-640
COMM-613,prerequisite,COMM-631
COMM-629,prerequisite,COMM-628
COMM-636,prerequisite,COMM-664
COMM-638,prerequisite,COMM-631
COMM-641,prerequisite,COMM-640
COMM-654,prerequisite,COMM-602
COMM-656,prerequisite,COMM-682
COMM-666,prerequisite,COMM-682
COMM-676,prerequisite,COMM-630
COMM-678,prerequisite,COMM-630
COMM-679,prerequisite,COMM-630
COMM-681,prerequisite,COMM-640
COMM-683,prerequisite,COMM-682
COMM-684,prerequisite,COMM-682
COMM-687,prerequisite,COMM-721
COMM-725,prerequisite,COMM-632
COMM-731,prerequisite,COMM-622
COMM-744,prerequisite,COMM-735
COMM-861,prerequisite,COMM-860
DATA-613,prerequisite,DATA-612
DATA-625,prerequisite,DATA-612
DATA-642,prerequisite,STAT-627
DATA-645,prerequisite,CSC-680
DATA-793,prerequisite,DATA-613
ECON-547,prerequisite,ECON-300
ECON-551,prerequisite,ECON-300
ECON-600,prerequisite,ECON-605
ECON-601,prerequisite,ECON-605
ECON-618,prerequisite,ECON-600
ECON-619,prerequisite,ECON-600
ECON-624,prerequisite,ECON-623
ECON-630,prerequisite,ECON-601
ECON-632,prerequisite,ECON-600
ECON-633,prerequisite,ECON-600
ECON-634,prerequisite,ECON-600
ECON-639,prerequisite,ECON-600
ECON-640,prerequisite,ECON-600
ECON-642,prerequisite,ECON-600
ECON-646,prerequisite,ECON-600
ECON-658,prerequisite,ECON-600
ECON-661,prerequisite,ECON-603
ECON-662,prerequisite,ECON-600
ECON-663,prerequisite,ECON-601
ECON-665,prerequisite,ECON-623
ECON-670,prerequisite,ECON-603
ECON-671,prerequisite,ECON-600
ECON-672,prerequisite,ECON-605
ECON-673,prerequisite,ECON-600
ECON-674,prerequisite,ECON-600
ECON-675,prerequisite,ECON-600
ECON-676,prerequisite,ECON-623
ECON-678,prerequisite,ECON-623
ECON-679,prerequisite,ECON-600
ECON-680,prerequisite,ECON-600
ECON-802,prerequisite,ECON-705
ECON-810,prerequisite,ECON-803
ECON-811,prerequisite,ECON-802
ECON-812,prerequisite,ECON-802
ECON-813,prerequisite,ECON-803
ECON-824,prerequisite,ECON-823
ECON-878,prerequisite,ECON-618
ECON-882,prerequisite,ECON-824
ECON-883,prerequisite,ECON-824
ECON-884,prerequisite,ECON-671
EDU-646,prerequisite,EDU-645
EDU-689,prerequisite,EDU-688
EDU-694,prerequisite,EDU-636
EDU-704,prerequisite,EDU-702
EDU-711,prerequisite,EDU-703
EDU-713,prerequisite,EDU-642
EDU-790,prerequisite,EDU-610
EDU-880,prerequisite,EDU-711
EDU-881,prerequisite,EDU-880
FIN-573,prerequisite,FIN-365
FIN-576,prerequisite,FIN-369
FIN-614,prerequisite,ACCT-607
FIN-650,prerequisite,FIN-614
FIN-651,prerequisite,FIN-060
FIN-660,prerequisite,FIN-060
FIN-661,prerequisite,FIN-060
FIN-665,prerequisite,FIN-060
FIN-666,prerequisite,FIN-060
FIN-670,prerequisite,FIN-672
FIN-671,prerequisite,FIN-060
FIN-672,prerequisite,FIN-614
FIN-674,prerequisite,FIN-672
FIN-676,prerequisite,FIN-673
FIN-677,prerequisite,ACCT-607
FIN-681,prerequisite,FIN-672
FIN-683,prerequisite,FIN-672
FIN-684,prerequisite,FIN-672
FIN-687,prerequisite,FIN-614
FIN-700,prerequisite,FIN-614
GAME-620,prerequisite,GAME-610
GAME-625,prerequisite,GAME-615
GAME-675,prerequisite,GAME-601
GAME-682,prerequisite,GAME-612
GOVT-520,prerequisite,GOVT-110
GOVT-521,prerequisite,GOVT-110
GOVT-523,prerequisite,GOVT-110
GOVT-524,prerequisite,GOVT-110
GOVT-618,prerequisite,SPA-612
GOVT-629,prerequisite,COMM-628
GOVT-639,prerequisite,SIS-672
GOVT-653,prerequisite,GOVT-650
HCS-610,prerequisite,HCS-600
HCS-620,prerequisite,HCS-600
HCS-630,prerequisite,HCS-600
HCS-640,prerequisite,HCS-600
HIST-730,prerequisite,HIST-729
HLTH-530,prerequisite,HLTH-205
HLTH-535,prerequisite,HLTH-205
HLTH-610,prerequisite,HLTH-645
HLTH-630,prerequisite,HLTH-570
HLTH-636,prerequisite,HLTH-606
HLTH-640,prerequisite,HLTH-630
HLTH-655,prerequisite,HLTH-645
HLTH-656,prerequisite,HLTH-606
HLTH-676,prerequisite,HLTH-616
HRAM-610,prerequisite,HRAM-600
HRAM-620,prerequisite,HRAM-600
HRAM-630,prerequisite,HRAM-600
HRAM-640,prerequisite,HRAM-600
HRAM-660,prerequisite,PROF-650
IBUS-676,prerequisite,FIN-673
IBUS-700,prerequisite,FIN-614
IBUS-734,prerequisite,IBUS-744
IDLA-610,prerequisite,IDLA-600
IDLA-620,prerequisite,IDLA-600
IDLA-630,prerequisite,IDLA-600
IDLA-640,prerequisite,IDLA-600
ITEC-600,prerequisite,ITEC-610
ITEC-618,prerequisite,ITEC-610
ITEC-620,prerequisite,ITEC-610
ITEC-621,prerequisite,ITEC-610
ITEC-623,prerequisite,ITEC-610
ITEC-660,prerequisite,ITEC-610
ITEC-668,prerequisite,ITEC-610
JLC-661,prerequisite,JLC-670
JLC-681,prerequisite,JLC-680
KSB-613,prerequisite,FIN-614
KSB-621,prerequisite,KSB-620
KSB-640,prerequisite,ACCT-607
MATH-565,prerequisite,MATH-221
MATH-604,prerequisite,MATH-603
MATH-605,prerequisite,MATH-603
MATH-612,prerequisite,MATH-603
MATH-613,prerequisite,MATH-612
MATH-615,prerequisite,MATH-603
MATH-616,prerequisite,MATH-603
MATH-620,prerequisite,MATH-603
MATH-621,prerequisite,MATH-603
MATH-631,prerequisite,MATH-603
MATH-640,prerequisite,MATH-603
MATH-650,prerequisite,MATH-603
MATH-661,prerequisite,MATH-603
MGMT-623,prerequisite,ITEC-610
MGMT-624,prerequisite,ACCT-607
MGMT-664,prerequisite,MGMT-609
MGMT-667,prerequisite,MGMT-660
MGMT-668,prerequisite,MGMT-660
MGMT-687,prerequisite,FIN-614
MKTG-541,prerequisite,MKTG-300
MKTG-551,prerequisite,MKTG-300
MKTG-605,prerequisite,MKTG-612
MKTG-651,prerequisite,MKTG-612
MKTG-655,prerequisite,MKTG-612
MKTG-657,prerequisite,MKTG-612
MKTG-661,prerequisite,MKTG-612
MKTG-662,prerequisite,ITEC-610
MKTG-663,prerequisite,MKTG-612
MKTG-671,prerequisite,MKTG-612
MKTG-690,prerequisite,MKTG-612
MKTG-691,prerequisite,MKTG-612
MKTG-761,prerequisite,MKTG-612
MKTG-762,prerequisite,MKTG-612
MKTG-765,prerequisite,MKTG-612
MKTG-767,prerequisite,MKTG-612
PERF-575,prerequisite,AMGT-670
PHIL-610,prerequisite,PHIL-600
PME-610,prerequisite,PME-600
PME-620,prerequisite,PME-600
PSYC-555,prerequisite,STAT-202
PSYC-618,prerequisite,PSYC-633
PSYC-652,prerequisite,PSYC-651
PSYC-794,prerequisite,PSYC-793
PUAD-602,prerequisite,PUAD-601
PUAD-604,prerequisite,PUAD-602
PUAD-607,prerequisite,PUAD-606
PUAD-631,prerequisite,PUAD-630
PUAD-661,prerequisite,PUAD-660
PUAD-671,prerequisite,PUAD-630
PUAD-672,prerequisite,PUAD-602
PUAD-771,prerequisite,PUAD-770
REAL-670,prerequisite,FIN-660
RUSS-547,prerequisite,RUSS-546
SAM-610,prerequisite,SAM-600
SAM-620,prerequisite,SAM-600
SAM-630,prerequisite,SAM-600
SIS-615,prerequisite,SIS-616
SIS-616,prerequisite,ECON-603
SIS-627,prerequisite,SIS-666
SIS-634,prerequisite,SIS-600
SIS-651,prerequisite,ECON-603
SIS-652,prerequisite,ECON-600
SIS-658,prerequisite,SIS-616
SIS-665,prerequisite,SIS-616
SIS-666,prerequisite,SIS-616
SIS-731,prerequisite,ECON-603
SIS-752,prerequisite,SIS-616
SIS-762,prerequisite,SIS-760
SISG-764,prerequisite,ECON-603
SOCY-625,prerequisite,SOCY-621
SOCY-634,prerequisite,SOCY-621
SOCY-639,prerequisite,SOCY-625
SPA-614,prerequisite,SPA-613
SPA-615,prerequisite,SPA-614
SPAN-659,prerequisite,SPAN-658
STAT-516,prerequisite,STAT-302
STAT-517,prerequisite,STAT-302
STAT-519,prerequisite,STAT-302
STAT-520,prerequisite,STAT-302
STAT-521,prerequisite,STAT-302
STAT-522,prerequisite,STAT-415
STAT-610,prerequisite,STAT-632
STAT-611,prerequisite,STAT-605
STAT-615,prerequisite,STAT-614
STAT-616,prerequisite,STAT-615
STAT-618,prerequisite,STAT-614
STAT-622,prerequisite,STAT-614
STAT-623,prerequisite,STAT-614
STAT-625,prerequisite,STAT-614
STAT-627,prerequisite,STAT-520
STAT-631,prerequisite,STAT-630
STAT-632,prerequisite,STAT-631
STAT-684,prerequisite,STAT-630
TESL-602,prerequisite,TESL-601
TESL-603,prerequisite,TESL-600
TESL-616,prerequisite,TESL-601
TESL-620,prerequisite,TESL-601
TESL-641,prerequisite,TESL-601
TESL-642,prerequisite,TESL-600
TESL-645,prerequisite,TESL-601
TESL-654,prerequisite,TESL-601
WRT-731,prerequisite,WRT-730
GOVT-020,prerequisite,GOVT-620
GOVT-023,prerequisite,GOVT-620
ACCT-391,prerequisite,KSB-101
ACCT-477,prerequisite,FIN-365
ARAB-210,prerequisite,ARAB-110
ARAB-310,prerequisite,ARAB-210
ARTH-307,prerequisite,ARTH-205
ARTH-335,prerequisite,ARTH-210
ARTH-401,prerequisite,ARTH-205
ARTH-402,prerequisite,ARTH-205
ARTH-403,prerequisite,ARTH-205
ARTH-411,prerequisite,ARTH-210
ARTH-412,prerequisite,ARTH-210
ARTH-413,prerequisite,ARTH-210
ARTH-414,prerequisite,ARTH-210
ARTH-415,prerequisite,ARTH-210
ARTH-423,prerequisite,ARTH-225
ARTH-424,prerequisite,ARTH-320
ARTH-431,prerequisite,ARTH-210
ARTH-432,prerequisite,ARTH-210
ARTH-433,prerequisite,ARTH-210
ARTS-440,prerequisite,ARTS-215
ARTS-470,prerequisite,ARTS-245
ARTS-475,prerequisite,ARTS-245
ATEC-405,prerequisite,ATEC-201
ATEC-481,prerequisite,ATEC-415
ATEC-482,prerequisite,ATEC-225
ATEC-483,prerequisite,ATEC-415
ATEC-484,prerequisite,ATEC-225
BIO-340,prerequisite,ENVS-312
BIO-342,prerequisite,BIO-110
BIO-417,prerequisite,ENVS-160
BIO-434,prerequisite,BIO-320
BIO-440,prerequisite,CHEM-310
BIO-442,prerequisite,BIO-356
BIO-459,prerequisite,NEUR-220
BIO-460,prerequisite,NEUR-220
BIO-475,prerequisite,NEUR-220
CAS-250,prerequisite,CAS-152
CHEM-310,prerequisite,CHEM-211
CHEM-330,prerequisite,CHEM-111
CHEM-398,prerequisite,CHEM-322
CHEM-399,prerequisite,CHEM-322
CHEM-405,prerequisite,CHEM-312
CHEM-410,prerequisite,MATH-221
CHEM-415,prerequisite,MATH-313
CHEM-424,prerequisite,CHEM-322
CHEM-433,prerequisite,CHEM-210
CHEM-435,prerequisite,CHEM-312
CHEM-442,prerequisite,MATH-222
CHEM-460,prerequisite,MATH-221
CHEM-462,prerequisite,CHEM-211
CHEM-466,prerequisite,CHEM-320
CHEM-468,prerequisite,CHEM-210
CHIN-410,prerequisite,CHIN-313
COMM-250,prerequisite,GDES-200
COMM-305,prerequisite,COMM-200
COMM-320,prerequisite,COMM-200
COMM-322,prerequisite,COMM-320
COMM-330,prerequisite,ARTS-205
COMM-331,prerequisite,COMM-105
COMM-402,prerequisite,COMM-330
COMM-413,prerequisite,COMM-331
COMM-435,prerequisite,COMM-331
COMM-437,prerequisite,COMM-346
COMM-454,prerequisite,GDES-220
COMM-456,prerequisite,COMM-331
COMM-464,prerequisite,COMM-331
COMM-465,prerequisite,COMM-378
COMM-469,prerequisite,COMM-380
COMM-478,prerequisite,COMM-479
COMM-483,prerequisite,COMM-325
COMM-487,prerequisite,COMM-320
COMM-491,prerequisite,COMM-346
CORE-200,prerequisite,CORE-101
CORE-201,prerequisite,CORE-101
CSC-321,prerequisite,CSC-148
CSC-420,prerequisite,CSC-256
CSC-432,prerequisite,MATH-211
CSC-439,prerequisite,CSC-208
CSC-440,prerequisite,CSC-316
CSC-460,prerequisite,MATH-221
CSC-465,prerequisite,CSC-316
CSC-468,prerequisite,CSC-420
CSC-476,prerequisite,MATH-310
CSC-486,prerequisite,MATH-310
CSC-493,prerequisite,CSC-421
DATA-312,prerequisite,STAT-202
DATA-445,prerequisite,CSC-481
ECON-300,prerequisite,ECON-150
ECON-301,prerequisite,ECON-150
ECON-314,prerequisite,ECON-150
ECON-317,prerequisite,ECON-150
ECON-318,prerequisite,ECON-150
ECON-319,prerequisite,ECON-150
ECON-320,prerequisite,ECON-150
ECON-322,prerequisite,ECON-150
ECON-341,prerequisite,ECON-150
ECON-345,prerequisite,ECON-200
ECON-346,prerequisite,ECON-150
ECON-350,prerequisite,ECON-150
ECON-351,prerequisite,ECON-150
ECON-359,prerequisite,ECON-150
ECON-361,prerequisite,ECON-150
ECON-362,prerequisite,ECON-150
ECON-363,prerequisite,ECON-401
ECON-370,prerequisite,ECON-150
ECON-371,prerequisite,ECON-400
ECON-372,prerequisite,ECON-401
ECON-373,prerequisite,ECON-400
ECON-374,prerequisite,ECON-150
ECON-379,prerequisite,ECON-150
ECON-397,prerequisite,ECON-150
ECON-400,prerequisite,ECON-200
ECON-401,prerequisite,ECON-150
ECON-440,prerequisite,ECON-150
ECON-458,prerequisite,ECON-150
ECON-478,prerequisite,ECON-400
ECON-480,prerequisite,ECON-400
ECON-491,prerequisite,ECON-400
ECON-492,prerequisite,ECON-400
EDU-330,prerequisite,EDU-321
EDU-371,prerequisite,EDU-321
EDU-452,prerequisite,EDU-321
EDU-455,prerequisite,EDU-321
EDU-456,prerequisite,EDU-321
EDU-457,prerequisite,EDU-321
ENVS-300,prerequisite,ENVS-250
ENVS-310,prerequisite,ENVS-160
ENVS-324,prerequisite,ENVS-150
ENVS-475,prerequisite,CHEM-110
FIN-365,prerequisite,ECON-150
FIN-391,prerequisite,KSB-101
FIN-476,prerequisite,IBUS-473
FIN-477,prerequisite,FIN-365
GDES-300,prerequisite,GDES-270
GDES-310,prerequisite,GDES-210
GDES-315,prerequisite,GDES-270
GDES-350,prerequisite,ARTS-210
GDES-405,prerequisite,GDES-315
GDES-420,prerequisite,GDES-405
GOVT-310,prerequisite,STAT-202
GOVT-349,prerequisite,GOVT-231
GOVT-414,prerequisite,GOVT-310
GOVT-432,prerequisite,GOVT-231
GOVT-437,prerequisite,GOVT-310
GOVT-445,prerequisite,GOVT-323
GOVT-455,prerequisite,SPA-220
GOVT-458,prerequisite,SPA-220
GOVT-477,prerequisite,GOVT-310
GOVT-487,prerequisite,WGSS-225
HLTH-320,prerequisite,BIO-210
HLTH-325,prerequisite,BIO-302
HLTH-340,prerequisite,STAT-202
HLTH-350,prerequisite,HLTH-240
HLTH-370,prerequisite,HLTH-240
IBUS-301,prerequisite,MKTG-250
IBUS-391,prerequisite,KSB-101
IBUS-476,prerequisite,IBUS-473
ITEC-210,prerequisite,STAT-203
ITEC-320,prerequisite,STAT-204
ITEC-321,prerequisite,ITEC-300
ITEC-355,prerequisite,ECON-150
ITEC-391,prerequisite,KSB-101
ITEC-400,prerequisite,STAT-203
ITEC-423,prerequisite,ITEC-300
ITEC-460,prerequisite,STAT-202
ITEC-466,prerequisite,GOVT-310
JLC-280,prerequisite,JLC-205
JLC-302,prerequisite,JLC-281
JLC-391,prerequisite,GOVT-321
JLC-410,prerequisite,JLC-201
JLC-411,prerequisite,JLC-201
JLC-432,prerequisite,JLC-302
JLC-436,prerequisite,SPA-220
JLC-444,prerequisite,JLC-280
JLC-445,prerequisite,JLC-280
KOR-302,prerequisite,KOR-203
KSB-121,prerequisite,KSB-112
KSB-122,prerequisite,KSB-112
KSB-123,prerequisite,KSB-112
KSB-211,prerequisite,KSB-112
KSB-212,prerequisite,KSB-112
KSB-213,prerequisite,KSB-112
KSB-224,prerequisite,STAT-202
KSB-301,prerequisite,KSB-122
KSB-302,prerequisite,KSB-122
KSB-421,prerequisite,KSB-223
LIT-202,prerequisite,WRT-102
LIT-203,prerequisite,WRT-101
LIT-347,prerequisite,SPAN-253
LIT-401,prerequisite,LIT-245
MATH-211,prerequisite,MATH-170
MATH-222,prerequisite,MATH-221
MATH-345,prerequisite,ECON-200
MATH-404,prerequisite,MATH-313
MATH-421,prerequisite,MATH-420
MATH-427,prerequisite,MATH-221
MATH-431,prerequisite,MATH-403
MATH-450,prerequisite,MATH-403
MATH-460,prerequisite,MATH-221
MATH-461,prerequisite,MATH-450
MATH-465,prerequisite,MATH-222
MGMT-391,prerequisite,MGMT-353
MGMT-402,prerequisite,MGMT-203
MGMT-458,prerequisite,FIN-365
MGMT-472,prerequisite,MGMT-403
MKTG-300,prerequisite,ECON-200
MKTG-301,prerequisite,MKTG-250
MKTG-302,prerequisite,MKTG-300
MKTG-311,prerequisite,MKTG-250
MKTG-391,prerequisite,MKTG-250
MKTG-405,prerequisite,MKTG-300
MKTG-421,prerequisite,MKTG-300
MKTG-431,prerequisite,MKTG-250
MKTG-471,prerequisite,MKTG-300
MKTG-472,prerequisite,MKTG-300
MKTG-490,prerequisite,MKTG-250
MKTG-496,prerequisite,MKTG-300
MUS-441,prerequisite,MUS-127
MUS-442,prerequisite,MUS-127
NEUR-220,prerequisite,NEUR-210
NEUR-310,prerequisite,PSYC-325
NEUR-380,prerequisite,NEUR-220
NEUR-459,prerequisite,NEUR-220
NEUR-460,prerequisite,NEUR-220
NEUR-475,prerequisite,NEUR-220
NEUR-480,prerequisite,NEUR-220
NEUR-488,prerequisite,NEUR-320
NEUR-489,prerequisite,NEUR-220
NEUR-492,prerequisite,NEUR-220
PHYS-105,prerequisite,MATH-221
PHYS-205,prerequisite,PHYS-110
PHYS-210,prerequisite,PHYS-110
PHYS-331,prerequisite,PHYS-205
PHYS-351,prerequisite,PHYS-205
PHYS-380,prerequisite,PHYS-205
PHYS-405,prerequisite,ATEC-201
PHYS-425,prerequisite,PHYS-205
PHYS-440,prerequisite,PHYS-351
PHYS-450,prerequisite,PHYS-430
PHYS-460,prerequisite,MATH-313
PHYS-470,prerequisite,PHYS-430
PORT-202,prerequisite,PORT-105
PSYC-300,prerequisite,PSYC-115
PSYC-301,prerequisite,STAT-203
PSYC-313,prerequisite,STAT-203
PSYC-318,prerequisite,PSYC-115
PSYC-325,prerequisite,PSYC-115
PSYC-333,prerequisite,PSYC-100
PSYC-370,prerequisite,PSYC-115
PSYC-375,prerequisite,PSYC-325
PSYC-421,prerequisite,PSYC-215
PSYC-425,prerequisite,PSYC-115
PSYC-434,prerequisite,STAT-203
PSYC-461,prerequisite,NEUR-210
PSYC-470,prerequisite,PSYC-215
PSYC-484,prerequisite,PSYC-325
PSYC-488,prerequisite,PSYC-433
REAL-470,prerequisite,FIN-460
SISA-310,prerequisite,SISU-210
SISA-311,prerequisite,SISU-210
SISA-312,prerequisite,SISU-210
SISA-313,prerequisite,SISU-210
SISA-314,prerequisite,SISU-210
SISA-315,prerequisite,SISU-210
SISA-316,prerequisite,SISU-210
SISA-317,prerequisite,SISU-210
SISA-320,prerequisite,SISU-220
SISA-321,prerequisite,SISU-220
SISA-322,prerequisite,SISU-220
SISA-323,prerequisite,SISU-220
SISA-324,prerequisite,SISU-220
SISA-325,prerequisite,SISU-220
SISA-326,prerequisite,SISU-220
SISA-327,prerequisite,SISU-220
SISA-330,prerequisite,SISU-230
SISA-331,prerequisite,SISU-230
SISA-332,prerequisite,SISU-230
SISA-333,prerequisite,SISU-230
SISA-334,prerequisite,SISU-230
SISA-335,prerequisite,SISU-230
SISA-336,prerequisite,SISU-230
SISA-337,prerequisite,SISU-230
SISA-340,prerequisite,SISU-240
SISA-341,prerequisite,SISU-240
SISA-342,prerequisite,SISU-240
SISA-343,prerequisite,SISU-240
SISA-344,prerequisite,SISU-240
SISA-345,prerequisite,SISU-240
SISA-346,prerequisite,SISU-240
SISA-347,prerequisite,SISU-240
SISA-350,prerequisite,SISU-250
SISA-351,prerequisite,SISU-250
SISA-352,prerequisite,SISU-250
SISA-353,prerequisite,SISU-250
SISA-354,prerequisite,SISU-250
SISA-355,prerequisite,SISU-250
SISA-356,prerequisite,SISU-250
SISA-357,prerequisite,SISU-250
SISA-360,prerequisite,SISU-260
SISA-361,prerequisite,SISU-260
SISA-362,prerequisite,SISU-260
SISA-363,prerequisite,SISU-260
SISA-364,prerequisite,SISU-260
SISA-365,prerequisite,SISU-260
SISA-366,prerequisite,SISU-260
SISA-367,prerequisite,SISU-260
SISA-370,prerequisite,SISU-270
SISA-371,prerequisite,SISU-270
SISA-372,prerequisite,SISU-270
SISA-373,prerequisite,SISU-270
SISA-374,prerequisite,SISU-270
SISA-375,prerequisite,SISU-270
SISA-376,prerequisite,SISU-270
SISA-377,prerequisite,SISU-270
SISA-380,prerequisite,SISU-280
SISA-381,prerequisite,SISU-280
SISA-382,prerequisite,SISU-280
SISA-383,prerequisite,SISU-280
SISA-384,prerequisite,SISU-280
SISA-385,prerequisite,SISU-280
SISA-386,prerequisite,SISU-280
SISA-387,prerequisite,SISU-280
SISU-300,prerequisite,ECON-200
SISU-440,prerequisite,SISU-306
SOCY-320,prerequisite,SOCY-210
SOCY-350,prerequisite,SOCY-210
SOCY-358,prerequisite,SOCY-210
SOCY-368,prerequisite,SOCY-210
SOCY-370,prerequisite,SOCY-210
SOCY-389,prerequisite,SOCY-100
SOCY-412,prerequisite,SOCY-210
SOCY-421,prerequisite,STAT-202
SOCY-424,prerequisite,SOCY-210
SOCY-450,prerequisite,SOCY-210
SOCY-452,prerequisite,SOCY-210
SOCY-455,prerequisite,SOCY-210
SOCY-458,prerequisite,SOCY-210
SOCY-475,prerequisite,SOCY-210
SPA-350,prerequisite,GOVT-110
SPA-351,prerequisite,GOVT-110
SPA-480,prerequisite,JLC-280
SPAN-137,prerequisite,SPAN-152
SPAN-236,prerequisite,SPAN-153
SPAN-237,prerequisite,SPAN-252
SPAN-336,prerequisite,SPAN-253
SPAN-337,prerequisite,SPAN-352
STAT-302,prerequisite,STAT-203
STAT-320,prerequisite,STAT-203
STAT-405,prerequisite,STAT-203
STAT-415,prerequisite,STAT-320
STAT-422,prerequisite,STAT-320
STAT-423,prerequisite,STAT-203
STAT-426,prerequisite,STAT-203
SWAH-113,prerequisite,SWAH-112
SWAH-212,prerequisite,SWAH-113
TESL-420,prerequisite,TESL-402
THTR-314,prerequisite,THTR-312
THTR-318,prerequisite,MUS-127
THTR-362,prerequisite,THTR-261
THTR-363,prerequisite,THTR-261
THTR-364,prerequisite,THTR-261
THTR-419,prerequisite,THTR-319
THTR-452,prerequisite,THTR-219
WGSS-340,prerequisite,WGSS-150
WRT-310,prerequisite,WRT-220
WRT-320,prerequisite,WRT-220
WRT-350,prerequisite,WRT-220
ACCT-550,prerequisite,ACCT-607
ACCT-560,prerequisite,ACCT-607
ACCT-647,prerequisite,ACCT-642
ACCT-649,prerequisite,ACCT-642
ACCT-670,prerequisite,ACCT-609
ACCT-677,prerequisite,FIN-614
ANTH-603,prerequisite,ANTH-602
ANTH-604,prerequisite,ANTH-602
BIO-561,prerequisite,BIO-210
COMM-506,prerequisite,COMM-682
COMM-568,prerequisite,COMM-631
COMM-588,prerequisite,COMM-621
COMM-613,prerequisite,COMM-682
COMM-629,prerequisite,GOVT-628
COMM-725,prerequisite,COMM-687
COMM-731,prerequisite,COMM-644
COMM-744,prerequisite,COMM-738
DATA-645,prerequisite,CSC-681
ECON-547,prerequisite,ECON-400
ECON-551,prerequisite,ECON-400
ECON-618,prerequisite,ECON-803
ECON-619,prerequisite,ECON-803
ECON-630,prerequisite,ECON-802
ECON-632,prerequisite,ECON-601
ECON-633,prerequisite,ECON-803
ECON-634,prerequisite,ECON-803
ECON-639,prerequisite,ECON-633
ECON-640,prerequisite,ECON-601
ECON-642,prerequisite,ECON-803
ECON-646,prerequisite,ECON-803
ECON-658,prerequisite,ECON-803
ECON-661,prerequisite,ECON-600
ECON-662,prerequisite,ECON-803
ECON-663,prerequisite,ECON-802
ECON-665,prerequisite,ECON-823
ECON-670,prerequisite,ECON-600
ECON-671,prerequisite,ECON-803
ECON-672,prerequisite,ECON-705
ECON-673,prerequisite,ECON-803
ECON-674,prerequisite,ECON-803
ECON-675,prerequisite,ECON-803
ECON-676,prerequisite,ECON-823
ECON-678,prerequisite,ECON-823
ECON-679,prerequisite,ECON-603
ECON-680,prerequisite,ECON-601
ECON-813,prerequisite,ECON-705
ECON-878,prerequisite,ECON-619
ECON-884,prerequisite,ECON-672
EDU-694,prerequisite,EDU-687
EDU-711,prerequisite,EDU-710
EDU-790,prerequisite,EDU-710
FIN-573,prerequisite,FIN-368
FIN-576,prerequisite,FIN-460
FIN-614,prerequisite,ITEC-610
FIN-651,prerequisite,FIN-614
FIN-660,prerequisite,FIN-614
FIN-661,prerequisite,FIN-614
FIN-671,prerequisite,FIN-614
FIN-672,prerequisite,FIN-060
FIN-676,prerequisite,IBUS-673
FIN-677,prerequisite,FIN-614
FIN-700,prerequisite,FIN-060
GAME-682,prerequisite,GAME-672
GOVT-520,prerequisite,GOVT-620
GOVT-521,prerequisite,GOVT-620
GOVT-523,prerequisite,GOVT-620
GOVT-524,prerequisite,GOVT-620
GOVT-618,prerequisite,SPA-613
GOVT-629,prerequisite,GOVT-628
HCS-630,prerequisite,HCS-610
HCS-640,prerequisite,HCS-610
HLTH-530,prerequisite,HLTH-645
HLTH-535,prerequisite,HLTH-645
HLTH-630,prerequisite,HLTH-645
HLTH-676,prerequisite,HLTH-656
HRAM-660,prerequisite,HRAM-610
IBUS-676,prerequisite,IBUS-673
IBUS-700,prerequisite,FIN-060
ITEC-621,prerequisite,ITEC-620
KSB-613,prerequisite,ITEC-617
KSB-640,prerequisite,IBUS-618
MATH-565,prerequisite,MATH-222
MATH-621,prerequisite,MATH-620
MGMT-624,prerequisite,FIN-605
MGMT-664,prerequisite,MGMT-633
MKTG-541,prerequisite,MKTG-250
MKTG-551,prerequisite,MKTG-250
MKTG-605,prerequisite,MKTG-632
MKTG-651,prerequisite,MKTG-632
MKTG-655,prerequisite,MKTG-632
MKTG-657,prerequisite,MKTG-632
MKTG-661,prerequisite,MKTG-632
MKTG-662,prerequisite,MKTG-612
MKTG-671,prerequisite,MKTG-632
MKTG-761,prerequisite,MKTG-632
MKTG-762,prerequisite,MKTG-632
MKTG-765,prerequisite,MKTG-632
MKTG-767,prerequisite,MKTG-632
PSYC-555,prerequisite,STAT-203
PSYC-618,prerequisite,PSYC-652
PSYC-652,prerequisite,PSYC-633
PUAD-607,prerequisite,PUAD-630
PUAD-631,prerequisite,PUAD-670
PUAD-671,prerequisite,PUAD-670
REAL-670,prerequisite,FIN-672
SIS-615,prerequisite,ECON-670
SIS-627,prerequisite,ECON-672
SIS-652,prerequisite,ECON-603
SIS-658,prerequisite,SIS-731
SISG-764,prerequisite,SISG-773
SOCY-625,prerequisite,SOCY-624
SOCY-634,prerequisite,SOCY-624
SOCY-639,prerequisite,SOCY-634
STAT-516,prerequisite,STAT-320
STAT-517,prerequisite,STAT-320
STAT-519,prerequisite,STAT-320
STAT-520,prerequisite,STAT-320
STAT-521,prerequisite,STAT-614
STAT-522,prerequisite,STAT-520
STAT-627,prerequisite,STAT-615
TESL-620,prerequisite,TESL-602
BIO-342,prerequisite,BIO-210
CHEM-410,prerequisite,MATH-222
CHEM-433,prerequisite,CHEM-211
CHEM-435,prerequisite,CHEM-320
CHEM-460,prerequisite,MATH-222
CHEM-466,prerequisite,BIO-320
CHEM-468,prerequisite,BIO-320
COMM-330,prerequisite,COMM-105
COMM-402,prerequisite,COMM-331
COMM-437,prerequisite,COMM-380
COMM-483,prerequisite,COMM-337
COMM-491,prerequisite,COMM-380
CSC-432,prerequisite,MATH-221
CSC-460,prerequisite,MATH-222
DATA-312,prerequisite,STAT-203
DATA-445,prerequisite,DATA-442
ECON-300,prerequisite,ECON-200
ECON-301,prerequisite,ECON-200
ECON-317,prerequisite,ECON-200
ECON-318,prerequisite,ECON-200
ECON-319,prerequisite,ECON-200
ECON-320,prerequisite,ECON-200
ECON-322,prerequisite,ECON-200
ECON-341,prerequisite,ECON-200
ECON-345,prerequisite,MATH-211
ECON-346,prerequisite,ECON-200
ECON-350,prerequisite,ECON-200
ECON-351,prerequisite,ECON-200
ECON-359,prerequisite,ECON-200
ECON-361,prerequisite,ECON-200
ECON-362,prerequisite,ECON-200
ECON-370,prerequisite,ECON-200
ECON-374,prerequisite,ECON-200
ECON-379,prerequisite,ECON-200
ECON-397,prerequisite,ECON-200
ECON-400,prerequisite,MATH-221
ECON-401,prerequisite,ECON-200
ECON-440,prerequisite,ECON-200
ECON-458,prerequisite,ECON-200
ECON-478,prerequisite,ECON-301
ECON-480,prerequisite,ECON-301
ECON-491,prerequisite,ECON-301
ECON-492,prerequisite,ECON-301
EDU-330,prerequisite,EDU-420
EDU-371,prerequisite,EDU-420
EDU-452,prerequisite,EDU-330
EDU-455,prerequisite,EDU-330
EDU-456,prerequisite,EDU-330
EDU-457,prerequisite,EDU-330
ENVS-300,prerequisite,ENVS-260
ENVS-310,prerequisite,ENVS-250
ENVS-324,prerequisite,ENVS-160
ENVS-475,prerequisite,CHEM-111
FIN-365,prerequisite,ECON-200
GDES-300,prerequisite,GDES-210
GDES-310,prerequisite,GDES-220
GDES-315,prerequisite,GDES-210
GDES-350,prerequisite,ARTS-215
GOVT-310,prerequisite,STAT-203
GOVT-455,prerequisite,SPA-350
GOVT-458,prerequisite,SPA-350
HLTH-320,prerequisite,HLTH-210
HLTH-340,prerequisite,STAT-203
HLTH-350,prerequisite,STAT-202
IBUS-301,prerequisite,MKTG-300
ITEC-321,prerequisite,ITEC-320
ITEC-355,prerequisite,ECON-200
ITEC-400,prerequisite,STAT-204
ITEC-460,prerequisite,STAT-203
ITEC-466,prerequisite,ITEC-200
JLC-391,prerequisite,PUAD-260
KSB-121,prerequisite,KSB-113
KSB-122,prerequisite,KSB-113
KSB-123,prerequisite,KSB-113
KSB-211,prerequisite,KSB-113
KSB-212,prerequisite,KSB-113
KSB-213,prerequisite,KSB-113
KSB-224,prerequisite,STAT-203
KSB-301,prerequisite,KSB-123
KSB-302,prerequisite,KSB-123
KSB-421,prerequisite,KSB-224
LIT-202,prerequisite,WRT-101
LIT-347,prerequisite,SPAN-322
LIT-401,prerequisite,LIT-247
MATH-345,prerequisite,MATH-211
MATH-404,prerequisite,MATH-403
MATH-460,prerequisite,MATH-222
MATH-465,prerequisite,MATH-310
MGMT-402,prerequisite,MGMT-301
MGMT-458,prerequisite,IBUS-300
MKTG-302,prerequisite,STAT-204
MKTG-391,prerequisite,MKTG-300
MKTG-490,prerequisite,MKTG-302
NEUR-380,prerequisite,PSYC-321
NEUR-488,prerequisite,NEUR-330
NEUR-492,prerequisite,NEUR-310
PHYS-105,prerequisite,MATH-222
PHYS-331,prerequisite,PHYS-210
PHYS-351,prerequisite,PHYS-210
PHYS-380,prerequisite,PHYS-210
PHYS-425,prerequisite,PHYS-210
PSYC-300,prerequisite,STAT-202
PSYC-313,prerequisite,STAT-204
PSYC-318,prerequisite,NEUR-210
PSYC-325,prerequisite,NEUR-210
PSYC-333,prerequisite,HLTH-240
PSYC-434,prerequisite,PSYC-301
PSYC-461,prerequisite,PSYC-313
PSYC-470,prerequisite,PSYC-330
SOCY-320,prerequisite,SOCY-215
SOCY-350,prerequisite,SOCY-215
SOCY-358,prerequisite,SOCY-215
SOCY-368,prerequisite,SOCY-215
SOCY-370,prerequisite,SOCY-215
SOCY-389,prerequisite,SOCY-210
SOCY-412,prerequisite,SOCY-215
SOCY-421,prerequisite,STAT-203
SOCY-424,prerequisite,SOCY-215
SOCY-450,prerequisite,SOCY-215
SOCY-452,prerequisite,SOCY-215
SOCY-455,prerequisite,SOCY-215
SOCY-458,prerequisite,SOCY-215
SOCY-475,prerequisite,SOCY-215
STAT-302,prerequisite,STAT-204
STAT-320,prerequisite,STAT-204
STAT-405,prerequisite,STAT-204
STAT-426,prerequisite,STAT-204
THTR-314,prerequisite,THTR-318
THTR-318,prerequisite,THTR-219
THTR-452,prerequisite,THTR-260
WGSS-340,prerequisite,WGSS-225
ACCT-550,prerequisite,ACCT-609
ACCT-647,prerequisite,ACCT-642
ACCT-677,prerequisite,FIN-060
COMM-629,prerequisite,COMM-735
DATA-645,prerequisite,DATA-642
ECON-547,prerequisite,ECON-346
ECON-551,prerequisite,ECON-600
ECON-618,prerequisite,ECON-601
ECON-619,prerequisite,ECON-601
ECON-630,prerequisite,ECON-605
ECON-632,prerequisite,ECON-623
ECON-633,prerequisite,ECON-605
ECON-634,prerequisite,ECON-601
ECON-640,prerequisite,ECON-623
ECON-642,prerequisite,ECON-601
ECON-658,prerequisite,ECON-601
ECON-661,prerequisite,ECON-601
ECON-670,prerequisite,ECON-601
ECON-671,prerequisite,ECON-605
ECON-672,prerequisite,ECON-601
ECON-673,prerequisite,ECON-601
ECON-674,prerequisite,ECON-601
ECON-675,prerequisite,ECON-601
ECON-680,prerequisite,ECON-624
ECON-884,prerequisite,ECON-823
FIN-573,prerequisite,FIN-369
FIN-576,prerequisite,FIN-660
FIN-677,prerequisite,FIN-060
GOVT-618,prerequisite,STAT-614
GOVT-629,prerequisite,COMM-735
HCS-630,prerequisite,HCS-620
HCS-640,prerequisite,HCS-620
KSB-613,prerequisite,ITEC-618
KSB-640,prerequisite,ITEC-610
MATH-565,prerequisite,MATH-313
MGMT-624,prerequisite,FIN-614
MKTG-541,prerequisite,MKTG-612
MKTG-551,prerequisite,MKTG-612
MKTG-651,prerequisite,MKTG-632
MKTG-655,prerequisite,MKTG-632
SIS-627,prerequisite,IBUS-700
SOCY-634,prerequisite,SOCY-625
STAT-516,prerequisite,STAT-614
STAT-517,prerequisite,STAT-614
STAT-519,prerequisite,STAT-614
STAT-520,prerequisite,STAT-614
STAT-522,prerequisite,STAT-615
BIO-342,prerequisite,BIO-220
CHEM-435,prerequisite,CHEM-322
CHEM-460,prerequisite,PHYS-210
CHEM-466,prerequisite,CHEM-465
CHEM-468,prerequisite,CHEM-310
COMM-330,prerequisite,GDES-200
COMM-483,prerequisite,COMM-385
COMM-491,prerequisite,COMM-320
DATA-312,prerequisite,STAT-204
DATA-445,prerequisite,STAT-427
ECON-322,prerequisite,STAT-202
ECON-345,prerequisite,MATH-221
ECON-401,prerequisite,MATH-221
ECON-440,prerequisite,STAT-202
ECON-478,prerequisite,ECON-401
ECON-480,prerequisite,ECON-401
ECON-491,prerequisite,ECON-401
ECON-492,prerequisite,ECON-401
EDU-452,prerequisite,EDU-350
EDU-455,prerequisite,EDU-350
EDU-456,prerequisite,EDU-350
EDU-457,prerequisite,EDU-350
ENVS-310,prerequisite,ENVS-260
ENVS-324,prerequisite,HLTH-110
ENVS-475,prerequisite,ENVS-260
FIN-365,prerequisite,STAT-204
GDES-310,prerequisite,COMM-330
GDES-315,prerequisite,GDES-220
GDES-350,prerequisite,GDES-200
GOVT-310,prerequisite,STAT-204
GOVT-455,prerequisite,SPA-351
GOVT-458,prerequisite,SPA-351
HLTH-350,prerequisite,STAT-203
ITEC-355,prerequisite,ITEC-200
ITEC-460,prerequisite,STAT-204
ITEC-466,prerequisite,JLC-280
KSB-224,prerequisite,KSB-123
KSB-421,prerequisite,KSB-301
LIT-202,prerequisite,WRT-103
MATH-345,prerequisite,MATH-221
MGMT-458,prerequisite,MGMT-353
NEUR-380,prerequisite,MATH-221
NEUR-492,prerequisite,NEUR-320
PHYS-351,prerequisite,MATH-222
PSYC-300,prerequisite,STAT-203
PSYC-325,prerequisite,NEUR-220
PSYC-333,prerequisite,HLTH-245
PSYC-434,prerequisite,PSYC-433
PSYC-461,prerequisite,NEUR-380
SOCY-389,prerequisite,SOCY-215
SOCY-421,prerequisite,STAT-204
THTR-314,prerequisite,THTR-319
WGSS-340,prerequisite,WGSS-240
COMM-629,prerequisite,COMM-738
DATA-645,prerequisite,STAT-627
ECON-547,prerequisite,ECON-600
ECON-551,prerequisite,ECON-803
ECON-618,prerequisite,ECON-802
ECON-619,prerequisite,ECON-802
ECON-630,prerequisite,ECON-705
ECON-633,prerequisite,ECON-705
ECON-634,prerequisite,ECON-802
ECON-642,prerequisite,ECON-802
ECON-658,prerequisite,ECON-802
ECON-671,prerequisite,ECON-705
ECON-672,prerequisite,ECON-802
ECON-673,prerequisite,ECON-802
ECON-674,prerequisite,ECON-802
ECON-675,prerequisite,ECON-802
FIN-573,prerequisite,FIN-614
FIN-576,prerequisite,FIN-672
GOVT-629,prerequisite,COMM-738
KSB-613,prerequisite,MGMT-609
KSB-640,prerequisite,SISG-761
MATH-565,prerequisite,STAT-202
MGMT-624,prerequisite,IBUS-618
MKTG-541,prerequisite,MKTG-632
MKTG-551,prerequisite,MKTG-632
COMM-330,prerequisite,GDES-270
COMM-491,prerequisite,COMM-282
ECON-322,prerequisite,STAT-203
ECON-440,prerequisite,STAT-203
ECON-478,prerequisite,ECON-322
ECON-480,prerequisite,ECON-322
EDU-452,prerequisite,EDU-419
EDU-455,prerequisite,EDU-419
EDU-456,prerequisite,EDU-419
EDU-457,prerequisite,EDU-419
ENVS-324,prerequisite,SISU-250
GDES-350,prerequisite,GDES-270
ITEC-355,prerequisite,ITEC-320
ITEC-466,prerequisite,PSYC-313
KSB-421,prerequisite,KSB-302
LIT-202,prerequisite,WRT-106
MGMT-458,prerequisite,MKTG-300
NEUR-492,prerequisite,NEUR-330
THTR-314,prerequisite,THTR-320
WGSS-340,prerequisite,WGSS-319
ECON-547,prerequisite,ECON-803
ECON-551,prerequisite,ECON-301
ECON-658,prerequisite,ECON-603
ECON-674,prerequisite,ECON-603
ECON-675,prerequisite,ECON-603
KSB-613,prerequisite,MKTG-612
KSB-640,prerequisite,SISG-771
MATH-565,prerequisite,STAT-203
MGMT-624,prerequisite,ITEC-610
COMM-491,prerequisite,COMM-331
ECON-322,prerequisite,STAT-204
ECON-440,prerequisite,STAT-204
EDU-452,prerequisite,EDU-420
EDU-455,prerequisite,EDU-420
EDU-456,prerequisite,EDU-420
EDU-457,prerequisite,EDU-420
ITEC-355,prerequisite,STAT-204
ECON-551,prerequisite,ECON-401
KSB-640,prerequisite,SISG-774
MGMT-624,prerequisite,ITEC-616
COMM-491,prerequisite,COMM-401
EDU-452,prerequisite,EDU-443
EDU-455,prerequisite,EDU-443
EDU-456,prerequisite,EDU-443
EDU-457,prerequisite,EDU-443
ECON-551,prerequisite,ECON-601
MGMT-624,prerequisite,MGMT-609
COMM-491,prerequisite,COMM-409
EDU-452,prerequisite,EDU-465
EDU-455,prerequisite,EDU-465
EDU-456,prerequisite,EDU-465
EDU-457,prerequisite,EDU-465
ECON-551,prerequisite,ECON-802
MGMT-624,prerequisite,MKTG-612
COMM-491,prerequisite,COMM-533
ECON-551,prerequisite,ECON-603
COMM-491,prerequisite,COMM-330
MUS-001,corequisite,MUS-121
BIO-450,corequisite,BIO-451
BIO-451,corequisite,BIO-450
CHEM-100,corequisite,CHEM-101
CHEM-101,corequisite,CHEM-100
CHEM-150,corequisite,CHEM-151
CHEM-151,corequisite,CHEM-150
CHEM-251,corequisite,CHEM-250
DNCE-305,corequisite,DNCE-312
HFIT-211,corequisite,HFIT-210
HLTH-111,corequisite,HLTH-110
MUS-121,corequisite,MUS-001
MUS-122,corequisite,MUS-001
MUS-334,corequisite,MUS-001
MUS-434,corequisite,MUS-001
PSYC-115,corequisite,PSYC-116
PSYC-116,corequisite,PSYC-115
PSYC-240,corequisite,PSYC-241
PSYC-241,corequisite,PSYC-240
ANTH-601,corequisite,ANTH-602
ANTH-602,corequisite,ANTH-601
ANTH-603,corequisite,ANTH-604
ANTH-604,corequisite,ANTH-603
HIST-730,corequisite,HIST-732
HIST-732,corequisite,HIST-730
MUS-001,corequisite,MUS-122
DNCE-305,corequisite,DNCE-313
MUS-001,corequisite,MUS-334
MUS-001,corequisite,MUS-434
ACCT-340,concurrent,ACCT-241
ATEC-201,concurrent,ATEC-101
ATEC-225,concurrent,ATEC-101
BIO-110,concurrent,MATH-125
BIO-320,concurrent,CHEM-110
CHEM-481,concurrent,CHEM-322
COMM-209,concurrent,COMM-100
COMM-301,concurrent,COMM-209
COMM-462,concurrent,COMM-487
DATA-441,concurrent,STAT-415
GDES-400,concurrent,GDES-320
HIST-480,concurrent,HIST-399
KOR-430,concurrent,KOR-303
KOR-440,concurrent,KOR-303
KOR-450,concurrent,KOR-303
KSB-211,concurrent,KSB-121
KSB-212,concurrent,KSB-121
KSB-213,concurrent,KSB-121
KSB-221,concurrent,KSB-211
LING-401,concurrent,TESL-400
LING-402,concurrent,TESL-400
LING-403,concurrent,TESL-400
LING-421,concurrent,TESL-400
LTST-421,concurrent,TESL-400
MATH-310,concurrent,MATH-222
MATH-321,concurrent,MATH-313
MATH-401,concurrent,MATH-313
MGMT-458,concurrent,ITEC-355
MKTG-411,concurrent,MKTG-301
PHYS-110,concurrent,MATH-221
PHYS-331,concurrent,MATH-222
PHYS-380,concurrent,MATH-313
PHYS-430,concurrent,MATH-321
SOCY-421,concurrent,SOCY-320
SPA-353,concurrent,SPA-352
SPA-355,concurrent,SPA-354
ACCT-609,concurrent,ACCT-607
ACCT-780,concurrent,ACCT-642
DATA-612,concurrent,STAT-614
DATA-641,concurrent,STAT-615
IBUS-687,concurrent,IBUS-618
ITEC-666,concurrent,ITEC-616
KSB-620,concurrent,ITEC-621
LING-621,concurrent,TESL-600
MGMT-642,concurrent,MKTG-612
MKTG-641,concurrent,MKTG-612
MKTG-642,concurrent,MKTG-612
MKTG-763,concurrent,MKTG-612
SIS-650,concurrent,SIS-636
BIO-110,concurrent,MATH-170
BIO-320,concurrent,CHEM-111
COMM-301,concurrent,MGMT-301
COMM-462,concurrent,COMM-425
KSB-211,concurrent,KSB-122
KSB-212,concurrent,KSB-122
KSB-213,concurrent,KSB-122
MATH-321,concurrent,MATH-310
ITEC-666,concurrent,ITEC-617
KSB-620,concurrent,ITEC-670
MKTG-641,concurrent,MKTG-632
MKTG-642,concurrent,MKTG-632
MKTG-763,concurrent,MKTG-632
SIS-650,concurrent,SIS-637
BIO-110,concurrent,MATH-211
KSB-211,concurrent,KSB-123
KSB-212,concurrent,KSB-123
KSB-213,concurrent,KSB-123
SIS-650,concurrent,SIS-649
BIO-110,concurrent,MATH-221
BIO-110,concurrent,STAT-202
BIO-110,concurrent,STAT-203
